OrderID,OrderDate,Region,Product,Category,Quantity,UnitPrice
1,2024-04-12,North,Product B,Category 1,13.0,19.24
2,2025-03-11,North,Product A,Category 1,15.0,120.39
3,2026-05-10,East,Product B,Category 3,12.0,90.95
4,2024-09-27,West,Product E,Category 3,11.0,114.13
5,2024-04-16,North,Product B,Category 1,7.0,109.0
6,2024-03-12,South,Product E,Category 1,,76.54
7,2025-12-01,North,Product A,Category 1,,138.72
8,2024-01-21,South,Product C,Category 2,,154.12
9,2025-09-06,West,Product B,Category 3,,12.78
10,2024-05-01,East,Product C,Category 2,,49.38
11,2025-04-11,North,Product E,Category 3,,145.51
12,2024-08-02,East,Product B,Category 3,17.0,83.46
13,2024-11-26,North,Product D,Category 3,19.0,135.87
14,2025-04-03,South,Product C,Category 3,19.0,75.92
15,2024-03-28,East,Product B,Category 3,16.0,84.24
16,2025-01-07,North,Product C,Category 3,12.0,
17,2024-04-09,South,Product B,Category 3,12.0,
18,2026-05-21,East,Product A,Category 2,6.0,
19,2025-10-25,East,Product C,Category 1,4.0,
20,2024-05-10,North,Product D,Category 1,6.0,
21,2025-10-23,North,Product D,Category 2,11.0,
22,2024-11-04,North,Product E,Category 2,1.0,112.91
23,2026-02-08,South,Product B,Category 2,15.0,154.07
24,2024-12-09,North,Product C,Category 2,11.0,68.31
25,2025-05-06,East,Product E,Category 3,19.0,88.84
26,2025-02-17,East,Product C,Category 1,18.0,145.43
27,2026-03-16,North,Product B,Category 3,17.0,83.38
28,2025-01-20,North,Product D,Category 1,19.0,121.82
29,2024-07-10,West,Product A,Category 1,14.0,45.22
30,2026-08-13,East,Product D,Category 2,18.0,123.96
31,2024-10-03,South,Product E,Category 3,19.0,173.69
32,2024-06-09,West,Product A,Category 2,15.0,175.04
33,2025-04-04,North,Product E,Category 3,15.0,147.63
34,2024-11-09,North,Product B,Category 1,4.0,151.69
35,2024-01-22,East,Product A,Category 2,7.0,116.01
36,2024-09-09,North,Product E,Category 2,13.0,121.09
37,2026-01-17,South,Product B,Category 1,3.0,35.39
38,2026-05-06,East,Product D,Category 1,16.0,94.33
39,2025-07-14,North,Product B,Category 1,9.0,95.65
40,2025-04-19,East,Product C,Category 2,8.0,192.11
41,2024-02-28,North,Product B,Category 3,13.0,91.91
42,2025-05-25,North,Product B,Category 2,17.0,114.38
43,2025-11-12,North,Product C,Category 3,17.0,111.32
44,2025-04-20,South,Product E,Category 2,17.0,130.98
45,2025-11-30,South,Product E,Category 2,1.0,152.16
46,2026-09-02,East,Product B,Category 1,8.0,52.76
47,2026-02-21,North,Product C,Category 3,19.0,110.46
48,2024-07-08,North,Product C,Category 2,6.0,166.92
49,2026-08-15,South,Product D,Category 2,3.0,97.99
50,2025-11-17,North,Product E,Category 1,5.0,62.91
51,2026-08-15,South,Product A,Category 1,13.0,134.39
52,2025-07-16,North,Product E,Category 3,15.0,166.52
53,2026-05-25,East,Product E,Category 2,14.0,22.0
54,2025-07-20,North,Product D,Category 3,16.0,157.59
55,2024-08-31,North,Product A,Category 2,18.0,166.11
56,2026-04-11,West,Product D,Category 3,11.0,97.69
57,2025-05-19,South,Product A,Category 1,3.0,196.83
58,2024-05-10,North,Product B,Category 2,10.0,159.47
59,2025-04-29,North,Product A,Category 3,10.0,157.0
60,2026-03-29,West,Product D,Category 1,16.0,152.09
61,2025-10-08,West,Product E,Category 1,12.0,38.62
62,2024-01-21,South,Product A,Category 3,2.0,51.27
63,2026-04-20,West,Product A,Category 2,9.0,98.16
64,2024-06-15,East,Product C,Category 2,3.0,60.16
65,2024-09-30,West,Product E,Category 1,15.0,88.9
66,2025-01-22,East,Product B,Category 2,3.0,178.81
67,2025-08-23,South,Product D,Category 2,19.0,166.62
68,2024-11-11,South,Product B,Category 2,18.0,129.71
69,2024-01-14,South,Product E,Category 1,8.0,173.04
70,2024-08-29,South,Product A,Category 3,17.0,158.92
71,2026-02-15,South,Product A,Category 2,8.0,91.51
72,2024-12-11,East,Product E,Category 1,7.0,48.2
73,2025-07-18,East,Product A,Category 1,7.0,107.7
74,2026-06-16,South,Product A,Category 3,3.0,149.88
75,2024-12-05,West,Product A,Category 2,1.0,92.92
76,2024-04-01,North,Product D,Category 2,4.0,136.69
77,2025-01-01,South,Product D,Category 3,5.0,27.92
78,2026-08-13,West,Product C,Category 3,1.0,152.12
79,2025-03-30,North,Product B,Category 1,15.0,164.42
80,2025-03-03,South,Product E,Category 1,5.0,144.3
81,2025-05-23,South,Product E,Category 3,13.0,193.78
82,2026-02-14,East,Product E,Category 2,8.0,167.06
83,2026-07-31,North,Product C,Category 1,8.0,181.59
84,2024-02-04,North,Product D,Category 1,5.0,187.38
85,2024-07-24,West,Product C,Category 2,9.0,162.26
86,2024-03-21,East,Product E,Category 1,1.0,138.11
87,2026-07-20,East,Product B,Category 2,4.0,11.09
88,2025-07-15,East,Product A,Category 2,3.0,98.51
89,2026-05-21,East,Product D,Category 2,2.0,118.52
90,2025-01-22,North,Product D,Category 3,8.0,67.77
91,2024-01-02,North,Product C,Category 3,9.0,70.44
92,2025-01-24,South,Product D,Category 3,2.0,192.62
93,2025-07-19,South,Product E,Category 2,14.0,179.43
94,2024-04-15,East,Product E,Category 2,14.0,171.34
95,2026-02-10,East,Product C,Category 3,4.0,87.14
96,2026-04-01,East,Product E,Category 1,6.0,12.6
97,2025-04-21,South,Product B,Category 2,11.0,25.24
98,2025-12-03,West,Product C,Category 1,3.0,69.32
99,2025-02-05,West,Product B,Category 1,8.0,12.99
100,2025-12-30,South,Product A,Category 2,3.0,13.26
101,2025-07-09,South,Product B,Category 2,14.0,184.15
102,2024-06-10,South,Product A,Category 1,13.0,144.17
103,2024-07-20,South,Product A,Category 1,13.0,68.7
104,2026-08-15,South,Product B,Category 3,2.0,35.2
105,2026-09-22,South,Product C,Category 3,13.0,107.21
106,2024-09-26,East,Product E,Category 2,19.0,11.02
107,2026-05-12,East,Product E,Category 3,6.0,188.3
108,2026-03-26,East,Product A,Category 3,16.0,88.81
109,2024-09-27,East,Product A,Category 3,2.0,86.44
110,2025-03-31,South,Product C,Category 3,8.0,84.21
111,2025-04-06,West,Product D,Category 1,17.0,23.17
112,2025-12-27,North,Product B,Category 2,2.0,131.28
113,2024-09-08,South,Product A,Category 3,10.0,149.27
114,2025-12-02,North,Product E,Category 1,16.0,138.46
115,2024-10-22,West,Product C,Category 1,6.0,36.3
116,2025-12-25,East,Product B,Category 1,2.0,119.98
117,2025-12-20,West,Product C,Category 3,2.0,118.2
118,2026-01-18,South,Product B,Category 3,13.0,175.0
119,2024-12-03,East,Product B,Category 2,15.0,82.03
120,2026-05-28,South,Product A,Category 3,2.0,80.58
121,2024-02-22,East,Product C,Category 3,7.0,127.52
122,2026-03-02,North,Product C,Category 1,3.0,130.28
123,2026-07-10,North,Product E,Category 2,8.0,99.16
124,2024-08-04,North,Product E,Category 3,14.0,94.18
125,2026-02-02,West,Product A,Category 3,7.0,103.89
126,2024-07-06,South,Product A,Category 1,7.0,173.6
127,2025-01-14,West,Product D,Category 1,1.0,97.62
128,2025-05-07,North,Product E,Category 3,17.0,188.59
129,2024-02-10,South,Product B,Category 2,9.0,105.76
130,2024-06-05,North,Product C,Category 2,13.0,190.35
131,2024-01-15,West,Product A,Category 1,19.0,168.24
132,2026-03-23,West,Product C,Category 1,19.0,78.86
133,2024-03-05,West,Product C,Category 3,17.0,174.09
134,2026-05-06,North,Product D,Category 1,10.0,30.91
135,2026-04-18,South,Product E,Category 3,10.0,185.76
136,2025-06-04,South,Product A,Category 2,4.0,130.01
137,2024-12-09,North,Product C,Category 2,8.0,20.33
138,2024-05-08,South,Product A,Category 3,18.0,132.41
139,2025-10-09,North,Product B,Category 1,14.0,195.11
140,2025-04-16,South,Product D,Category 2,18.0,23.26
141,2024-03-03,East,Product B,Category 1,14.0,115.39
142,2024-05-18,East,Product A,Category 2,15.0,152.08
143,2025-05-13,West,Product A,Category 3,4.0,163.95
144,2025-08-15,East,Product E,Category 3,13.0,88.63
145,2025-01-26,East,Product C,Category 3,8.0,48.79
146,2025-11-05,East,Product C,Category 2,18.0,18.05
147,2025-02-22,North,Product B,Category 1,12.0,120.15
148,2024-10-15,East,Product D,Category 1,14.0,96.05
149,2025-01-13,East,Product C,Category 1,2.0,190.26
150,2026-02-11,West,Product E,Category 2,18.0,21.51
151,2025-05-04,East,Product B,Category 2,2.0,140.23
152,2024-08-18,East,Product B,Category 2,11.0,14.74
153,2024-02-10,South,Product E,Category 2,9.0,42.57
154,2024-01-28,West,Product D,Category 2,12.0,96.18
155,2024-05-14,West,Product E,Category 1,17.0,96.43
156,2024-07-19,West,Product D,Category 2,15.0,140.28
157,2026-04-19,West,Product E,Category 2,17.0,182.94
158,2026-02-18,West,Product E,Category 1,18.0,131.42
159,2026-07-18,West,Product A,Category 2,6.0,191.17
160,2024-02-02,North,Product B,Category 1,17.0,177.51
161,2024-02-17,East,Product E,Category 1,18.0,121.05
162,2025-05-17,West,Product E,Category 3,8.0,168.42
163,2025-02-10,East,Product C,Category 3,9.0,132.09
164,2025-07-27,East,Product B,Category 3,6.0,24.93
165,2025-12-28,North,Product C,Category 3,5.0,150.71
166,2026-03-15,West,Product B,Category 2,12.0,28.03
167,2024-04-08,South,Product C,Category 3,11.0,122.88
168,2025-11-14,North,Product E,Category 1,1.0,143.5
169,2026-05-21,South,Product E,Category 2,11.0,22.64
170,2025-12-26,East,Product A,Category 3,19.0,53.85
171,2026-09-13,East,Product C,Category 1,9.0,183.98
172,2025-06-30,North,Product D,Category 2,2.0,127.1
173,2026-08-18,North,Product A,Category 2,12.0,56.79
174,2026-01-08,South,Product C,Category 3,4.0,141.23
175,2025-09-04,West,Product C,Category 2,4.0,123.39
176,2026-07-31,South,Product A,Category 1,18.0,105.3
177,2025-04-06,North,Product E,Category 2,15.0,195.48
178,2025-10-04,South,Product C,Category 1,19.0,139.86
179,2026-02-07,North,Product E,Category 2,13.0,81.33
180,2024-01-05,South,Product A,Category 3,19.0,162.01
181,2024-08-05,North,Product E,Category 1,17.0,178.07
182,2025-05-17,North,Product B,Category 2,6.0,33.79
183,2026-02-05,North,Product D,Category 2,16.0,48.11
184,2025-02-01,West,Product C,Category 2,12.0,51.08
185,2026-05-20,South,Product D,Category 1,19.0,141.33
186,2026-03-05,South,Product E,Category 1,5.0,124.58
187,2025-01-27,South,Product C,Category 1,17.0,127.61
188,2024-07-25,North,Product E,Category 3,1.0,188.75
189,2024-01-15,South,Product B,Category 3,10.0,157.42
190,2026-05-07,South,Product A,Category 1,15.0,34.31
191,2025-07-07,North,Product C,Category 2,11.0,76.03
192,2026-06-10,East,Product B,Category 3,13.0,92.72
193,2025-04-05,North,Product B,Category 1,5.0,85.23
194,2025-11-21,South,Product C,Category 2,1.0,137.17
195,2025-07-28,North,Product E,Category 3,12.0,179.46
196,2026-05-13,East,Product B,Category 2,11.0,68.15
197,2026-01-12,North,Product D,Category 2,17.0,114.86
198,2024-08-28,South,Product B,Category 2,4.0,159.99
199,2025-07-17,East,Product E,Category 2,15.0,89.08
200,2024-04-05,West,Product E,Category 3,9.0,41.94
201,2026-06-18,South,Product D,Category 3,19.0,100.24
202,2026-01-03,East,Product B,Category 3,19.0,20.49
203,2025-04-29,East,Product E,Category 1,12.0,189.05
204,2025-02-10,West,Product C,Category 3,5.0,24.22
205,2024-08-18,North,Product A,Category 2,10.0,93.31
206,2026-01-18,North,Product A,Category 3,17.0,110.68
207,2025-10-16,South,Product A,Category 2,5.0,197.21
208,2024-06-19,West,Product B,Category 1,16.0,41.54
209,2025-06-24,North,Product D,Category 2,7.0,31.74
210,2024-02-05,West,Product E,Category 2,9.0,11.65
211,2025-06-08,North,Product C,Category 2,3.0,39.56
212,2024-06-08,East,Product C,Category 1,15.0,49.38
213,2026-04-18,North,Product B,Category 3,16.0,129.81
214,2025-11-29,West,Product A,Category 3,18.0,51.74
215,2024-08-30,East,Product B,Category 1,14.0,13.9
216,2024-03-26,East,Product D,Category 2,3.0,167.06
217,2026-03-06,East,Product D,Category 3,12.0,79.46
218,2025-07-31,West,Product E,Category 1,9.0,77.2
219,2025-11-12,South,Product E,Category 3,7.0,67.47
220,2025-07-10,South,Product D,Category 1,9.0,195.32
221,2025-07-27,South,Product D,Category 2,13.0,42.32
222,2026-08-10,West,Product D,Category 3,18.0,180.67
223,2025-10-07,East,Product B,Category 1,5.0,157.59
224,2026-03-06,South,Product D,Category 3,13.0,24.53
225,2024-01-28,West,Product C,Category 3,4.0,197.48
226,2025-09-11,South,Product A,Category 3,2.0,61.56
227,2025-07-09,North,Product D,Category 3,16.0,28.73
228,2024-12-05,South,Product A,Category 1,9.0,167.57
229,2026-03-08,South,Product B,Category 2,9.0,144.27
230,2026-08-15,East,Product A,Category 1,6.0,127.27
231,2024-11-26,West,Product B,Category 1,11.0,39.64
232,2025-10-01,East,Product C,Category 1,1.0,100.91
233,2025-05-20,East,Product B,Category 2,4.0,158.31
234,2024-12-13,East,Product B,Category 3,13.0,67.69
235,2025-04-17,East,Product E,Category 3,13.0,69.22
236,2024-08-18,East,Product D,Category 3,13.0,10.6
237,2024-07-08,South,Product D,Category 2,2.0,43.11
238,2024-08-12,East,Product C,Category 3,9.0,176.33
239,2025-01-19,East,Product C,Category 2,8.0,93.93
240,2025-01-11,West,Product D,Category 3,7.0,197.0
241,2024-10-09,North,Product E,Category 3,4.0,85.18
242,2026-08-15,South,Product D,Category 1,18.0,145.89
243,2025-09-24,South,Product E,Category 2,3.0,63.56
244,2025-09-19,South,Product C,Category 1,6.0,79.12
245,2026-08-30,East,Product A,Category 1,12.0,46.24
246,2026-01-14,East,Product C,Category 1,12.0,75.94
247,2024-09-15,East,Product C,Category 2,8.0,113.98
248,2024-12-24,West,Product B,Category 2,1.0,198.44
249,2025-12-10,North,Product B,Category 3,4.0,136.2
250,2025-03-31,East,Product B,Category 1,11.0,47.86
251,2025-02-14,North,Product B,Category 3,3.0,18.54
252,2025-10-10,West,Product E,Category 1,13.0,34.01
253,2024-11-13,South,Product D,Category 2,17.0,116.89
254,2025-11-07,East,Product A,Category 2,10.0,155.38
255,2024-08-12,North,Product C,Category 2,12.0,188.68
256,2026-03-29,North,Product E,Category 1,15.0,13.01
257,2024-08-21,East,Product A,Category 2,10.0,109.32
258,2025-11-14,South,Product E,Category 1,14.0,99.46
259,2025-10-25,South,Product E,Category 3,13.0,134.65
260,2026-09-01,South,Product C,Category 1,5.0,116.32
261,2026-04-06,West,Product D,Category 3,6.0,140.54
262,2025-01-08,North,Product B,Category 1,2.0,135.04
263,2025-11-02,North,Product D,Category 3,17.0,32.23
264,2025-08-30,North,Product C,Category 2,4.0,161.95
265,2025-04-16,West,Product C,Category 3,14.0,33.41
266,2024-08-20,North,Product C,Category 2,10.0,142.72
267,2025-11-22,West,Product A,Category 2,3.0,89.07
268,2024-04-22,South,Product D,Category 3,3.0,107.63
269,2026-04-09,East,Product D,Category 1,15.0,181.63
270,2025-05-11,North,Product E,Category 1,6.0,179.08
271,2025-03-17,North,Product E,Category 1,17.0,165.39
272,2025-07-17,South,Product E,Category 1,12.0,106.93
273,2024-09-24,East,Product C,Category 1,11.0,149.89
274,2025-05-24,West,Product D,Category 2,4.0,107.45
275,2026-03-17,East,Product C,Category 1,6.0,175.23
276,2025-01-20,South,Product A,Category 2,1.0,86.53
277,2025-01-21,South,Product E,Category 2,16.0,194.34
278,2024-04-22,East,Product C,Category 2,15.0,187.14
279,2025-09-04,West,Product C,Category 3,17.0,150.9
280,2025-09-16,West,Product A,Category 3,8.0,63.09
281,2026-08-09,North,Product B,Category 2,12.0,35.01
282,2024-03-21,West,Product D,Category 3,10.0,172.39
283,2025-11-29,East,Product B,Category 1,15.0,41.41
284,2024-04-22,South,Product E,Category 1,9.0,172.31
285,2024-01-02,North,Product C,Category 2,2.0,103.25
286,2025-10-03,North,Product A,Category 1,5.0,87.25
287,2024-08-07,South,Product A,Category 2,6.0,181.61
288,2025-07-19,West,Product D,Category 2,7.0,124.73
289,2026-05-04,South,Product B,Category 1,1.0,119.56
290,2026-09-23,West,Product D,Category 3,7.0,116.17
291,2026-01-05,South,Product C,Category 1,12.0,80.52
292,2024-08-12,East,Product D,Category 1,16.0,159.27
293,2025-01-19,West,Product A,Category 2,16.0,58.03
294,2025-02-06,East,Product A,Category 2,11.0,188.39
295,2025-09-29,North,Product E,Category 2,4.0,179.86
296,2024-05-09,South,Product E,Category 2,13.0,74.12
297,2024-02-22,North,Product C,Category 3,7.0,148.6
298,2025-11-14,North,Product B,Category 3,4.0,118.91
299,2025-12-30,North,Product D,Category 3,15.0,74.15
300,2025-11-02,North,Product C,Category 2,19.0,197.82
301,2025-12-10,South,Product E,Category 2,9.0,14.8
302,2025-02-19,North,Product D,Category 2,11.0,58.0
303,2024-09-03,South,Product E,Category 3,8.0,108.81
304,2026-04-15,South,Product D,Category 2,1.0,109.17
305,2025-03-14,East,Product B,Category 1,8.0,121.9
306,2024-07-21,West,Product C,Category 1,13.0,152.82
307,2024-07-02,West,Product D,Category 2,4.0,128.46
308,2024-05-02,South,Product A,Category 1,8.0,124.05
309,2025-02-04,East,Product A,Category 1,3.0,20.17
310,2026-02-05,South,Product D,Category 3,9.0,81.54
311,2024-10-20,South,Product D,Category 2,2.0,54.09
312,2024-10-06,South,Product D,Category 2,2.0,60.42
313,2026-04-16,East,Product A,Category 3,13.0,115.32
314,2026-06-02,West,Product A,Category 1,15.0,47.91
315,2025-09-01,East,Product D,Category 1,12.0,65.85
316,2024-07-16,North,Product E,Category 2,4.0,55.05
317,2026-09-08,East,Product E,Category 1,8.0,190.22
318,2026-06-25,East,Product B,Category 3,9.0,189.49
319,2025-05-25,East,Product C,Category 3,5.0,125.89
320,2026-01-21,East,Product E,Category 2,18.0,185.66
321,2024-05-23,West,Product A,Category 3,11.0,159.3
322,2025-08-31,North,Product E,Category 3,15.0,122.09
323,2024-07-19,West,Product B,Category 2,9.0,11.22
324,2024-05-03,West,Product B,Category 3,17.0,156.78
325,2024-07-05,East,Product C,Category 3,12.0,143.47
326,2024-11-21,South,Product E,Category 3,7.0,126.9
327,2025-04-08,South,Product A,Category 1,10.0,154.48
328,2024-12-14,West,Product A,Category 2,10.0,107.46
329,2026-02-09,West,Product D,Category 2,13.0,143.78
330,2025-10-21,East,Product A,Category 2,19.0,187.68
331,2026-02-02,West,Product C,Category 1,11.0,81.4
332,2026-08-12,East,Product C,Category 1,13.0,144.54
333,2026-07-20,South,Product A,Category 2,8.0,100.38
334,2025-02-06,South,Product A,Category 1,8.0,138.14
335,2024-12-11,North,Product D,Category 2,4.0,154.95
336,2026-08-20,South,Product A,Category 1,15.0,18.64
337,2025-05-25,West,Product D,Category 3,11.0,132.85
338,2024-05-26,South,Product D,Category 3,11.0,53.08
339,2024-05-27,East,Product A,Category 2,1.0,137.31
340,2026-05-13,South,Product B,Category 1,17.0,98.98
341,2025-12-11,North,Product B,Category 1,15.0,156.98
342,2026-03-30,South,Product D,Category 3,6.0,33.45
343,2025-05-03,East,Product A,Category 3,15.0,129.0
344,2026-07-17,East,Product B,Category 1,9.0,62.91
345,2026-07-24,West,Product A,Category 1,14.0,172.07
346,2025-10-01,South,Product A,Category 1,18.0,186.39
347,2025-07-04,East,Product A,Category 1,17.0,199.32
348,2024-12-03,North,Product E,Category 1,18.0,161.24
349,2026-05-21,West,Product A,Category 1,5.0,153.21
350,2025-10-02,North,Product E,Category 2,9.0,50.95
351,2026-02-17,South,Product D,Category 1,11.0,73.84
352,2026-09-14,South,Product B,Category 3,1.0,98.48
353,2026-08-10,South,Product B,Category 2,18.0,156.94
354,2025-04-17,West,Product B,Category 1,6.0,183.84
355,2026-08-03,East,Product B,Category 3,2.0,45.94
356,2024-05-30,West,Product B,Category 2,15.0,185.25
357,2025-02-18,North,Product B,Category 3,14.0,142.17
358,2026-09-16,West,Product B,Category 1,5.0,126.05
359,2024-10-24,North,Product D,Category 1,6.0,47.97
360,2025-09-02,West,Product A,Category 1,6.0,20.55
361,2024-09-19,East,Product C,Category 1,18.0,118.01
362,2026-02-02,North,Product E,Category 2,14.0,133.79
363,2024-05-23,South,Product C,Category 2,10.0,50.05
364,2024-12-11,South,Product C,Category 3,14.0,115.73
365,2025-09-15,West,Product A,Category 1,13.0,172.73
366,2025-07-25,South,Product A,Category 3,3.0,168.66
367,2026-05-30,North,Product A,Category 2,6.0,186.2
368,2024-01-02,South,Product B,Category 1,8.0,79.52
369,2026-06-15,East,Product D,Category 1,12.0,70.43
370,2024-10-30,East,Product B,Category 2,13.0,152.39
371,2024-09-10,West,Product D,Category 2,11.0,91.91
372,2025-10-13,North,Product D,Category 2,12.0,26.63
373,2025-03-28,East,Product C,Category 2,1.0,63.73
374,2024-02-06,East,Product C,Category 2,17.0,89.53
375,2024-06-08,North,Product D,Category 1,16.0,65.58
376,2024-01-09,South,Product D,Category 2,11.0,73.12
377,2024-08-20,South,Product B,Category 1,13.0,65.82
378,2024-04-08,West,Product B,Category 1,18.0,17.88
379,2025-10-20,South,Product C,Category 2,11.0,131.05
380,2026-03-26,North,Product A,Category 2,12.0,123.49
381,2024-07-26,East,Product D,Category 1,6.0,134.14
382,2024-05-10,South,Product B,Category 2,9.0,46.54
383,2025-02-07,West,Product C,Category 2,16.0,66.17
384,2024-05-31,South,Product B,Category 2,4.0,127.73
385,2024-02-23,North,Product D,Category 3,3.0,123.93
386,2024-04-29,West,Product D,Category 1,16.0,106.2
387,2025-11-03,South,Product E,Category 3,12.0,76.58
388,2026-07-08,West,Product A,Category 2,11.0,183.46
389,2025-09-19,North,Product E,Category 3,5.0,74.56
390,2025-08-09,East,Product C,Category 2,18.0,96.57
391,2025-09-16,North,Product B,Category 3,19.0,138.84
392,2026-08-25,North,Product C,Category 2,6.0,113.17
393,2025-02-23,North,Product D,Category 3,18.0,75.91
394,2025-02-25,North,Product E,Category 3,6.0,92.77
395,2024-04-13,East,Product E,Category 3,4.0,160.95
396,2026-05-01,East,Product E,Category 1,12.0,62.84
397,2024-09-10,West,Product C,Category 3,19.0,37.03
398,2024-08-14,South,Product D,Category 1,2.0,69.5
399,2024-04-21,East,Product B,Category 2,17.0,171.41
400,2025-05-24,East,Product B,Category 3,11.0,26.91
401,2025-04-17,South,Product C,Category 2,11.0,198.42
402,2024-04-08,East,Product E,Category 2,16.0,112.79
403,2024-06-01,North,Product A,Category 3,2.0,197.12
404,2026-05-10,North,Product C,Category 1,2.0,188.41
405,2026-07-02,South,Product C,Category 3,8.0,96.03
406,2026-06-14,West,Product D,Category 2,13.0,47.71
407,2026-05-27,West,Product B,Category 2,10.0,41.33
408,2024-12-03,South,Product C,Category 3,8.0,55.6
409,2025-12-06,South,Product C,Category 1,4.0,144.93
410,2026-04-01,North,Product E,Category 1,15.0,61.86
411,2024-06-11,West,Product E,Category 2,1.0,74.87
412,2025-12-20,East,Product A,Category 2,11.0,95.27
413,2026-08-14,North,Product D,Category 1,7.0,183.51
414,2025-11-11,South,Product A,Category 3,17.0,45.98
415,2026-09-22,West,Product E,Category 2,18.0,10.96
416,2024-06-09,East,Product B,Category 1,12.0,21.42
417,2025-08-02,East,Product E,Category 2,9.0,181.91
418,2026-03-11,North,Product D,Category 3,5.0,133.03
419,2025-02-01,West,Product E,Category 1,10.0,61.88
420,2024-10-03,West,Product D,Category 2,4.0,43.67
421,2026-03-26,South,Product D,Category 3,5.0,65.91
422,2026-07-04,West,Product D,Category 2,10.0,31.81
423,2025-05-18,West,Product D,Category 3,11.0,188.89
424,2026-06-14,North,Product D,Category 3,10.0,159.0
425,2025-01-26,West,Product B,Category 1,8.0,97.85
426,2024-05-14,East,Product A,Category 3,2.0,174.34
427,2024-07-13,North,Product C,Category 2,8.0,57.4
428,2025-02-04,North,Product A,Category 3,16.0,146.25
429,2025-10-01,South,Product D,Category 3,5.0,172.67
430,2024-02-02,West,Product B,Category 1,3.0,77.79
431,2025-11-18,South,Product E,Category 3,12.0,153.92
432,2025-04-04,East,Product B,Category 3,13.0,66.06
433,2026-08-12,North,Product D,Category 2,13.0,66.78
434,2026-06-01,North,Product B,Category 1,10.0,30.34
435,2025-04-14,North,Product B,Category 1,4.0,93.61
436,2025-01-09,East,Product D,Category 1,9.0,148.65
437,2024-01-22,East,Product B,Category 3,2.0,188.64
438,2026-01-19,South,Product C,Category 1,19.0,124.72
439,2025-10-31,South,Product C,Category 3,1.0,174.0
440,2024-02-07,South,Product B,Category 3,7.0,166.27
441,2024-08-17,West,Product E,Category 2,17.0,42.94
442,2024-12-30,North,Product D,Category 2,3.0,102.31
443,2025-07-16,North,Product C,Category 2,3.0,32.22
444,2025-03-13,South,Product E,Category 2,3.0,139.61
445,2026-02-14,North,Product B,Category 2,17.0,190.48
446,2024-10-09,South,Product E,Category 3,7.0,36.05
447,2024-01-27,West,Product A,Category 3,14.0,149.44
448,2024-08-13,West,Product C,Category 1,17.0,130.13
449,2024-10-03,East,Product B,Category 3,18.0,120.88
450,2026-03-08,West,Product D,Category 3,13.0,84.12
451,2025-08-31,South,Product B,Category 2,18.0,77.48
452,2024-10-10,West,Product D,Category 3,4.0,18.6
453,2026-05-28,East,Product B,Category 2,1.0,51.4
454,2026-08-17,North,Product E,Category 1,18.0,12.88
455,2025-04-25,South,Product E,Category 1,1.0,120.47
456,2025-03-28,North,Product E,Category 3,13.0,30.11
457,2026-04-08,East,Product A,Category 1,10.0,175.87
458,2026-03-26,East,Product D,Category 3,11.0,109.4
459,2025-10-20,East,Product E,Category 1,9.0,142.94
460,2025-05-30,North,Product A,Category 2,9.0,88.06
461,2025-06-30,North,Product D,Category 2,5.0,116.51
462,2024-07-10,North,Product B,Category 2,1.0,189.11
463,2024-02-18,North,Product A,Category 2,17.0,25.72
464,2025-05-26,East,Product C,Category 3,2.0,58.25
465,2024-01-17,East,Product A,Category 1,13.0,158.2
466,2024-06-20,South,Product A,Category 3,9.0,28.76
467,2024-08-07,South,Product D,Category 2,4.0,24.38
468,2024-06-06,North,Product B,Category 3,5.0,78.69
469,2025-04-21,West,Product C,Category 1,11.0,27.51
470,2024-02-15,West,Product E,Category 3,19.0,121.16
471,2025-01-07,East,Product E,Category 1,3.0,52.99
472,2025-06-01,East,Product A,Category 3,12.0,180.18
473,2024-04-08,East,Product D,Category 1,19.0,158.87
474,2026-06-10,South,Product D,Category 1,19.0,142.94
475,2026-01-14,South,Product E,Category 2,13.0,127.22
476,2024-02-06,East,Product C,Category 1,7.0,174.06
477,2024-10-06,East,Product B,Category 2,15.0,52.38
478,2024-12-14,East,Product C,Category 2,7.0,175.89
479,2025-05-11,West,Product B,Category 2,8.0,160.0
480,2024-10-28,South,Product E,Category 3,5.0,152.15
481,2024-06-29,West,Product B,Category 3,14.0,116.64
482,2025-08-29,West,Product D,Category 3,4.0,56.79
483,2024-04-08,East,Product A,Category 3,10.0,90.47
484,2025-11-30,East,Product A,Category 1,15.0,160.78
485,2026-09-19,North,Product E,Category 1,18.0,16.04
486,2024-04-25,North,Product D,Category 3,13.0,158.59
487,2024-07-09,West,Product C,Category 1,8.0,55.61
488,2024-09-09,South,Product D,Category 1,9.0,37.42
489,2026-09-07,East,Product A,Category 2,16.0,31.98
490,2026-07-16,East,Product A,Category 2,19.0,15.18
491,2026-09-09,West,Product D,Category 2,16.0,109.48
492,2024-06-09,North,Product D,Category 2,7.0,51.47
493,2024-09-12,South,Product A,Category 1,14.0,197.99
494,2024-11-18,North,Product C,Category 3,14.0,119.14
495,2024-05-07,North,Product E,Category 1,4.0,36.2
496,2024-01-18,North,Product E,Category 1,15.0,140.86
497,2026-03-03,North,Product D,Category 1,3.0,180.57
498,2026-01-04,East,Product E,Category 2,5.0,151.58
499,2025-07-19,East,Product A,Category 2,1.0,24.52
500,2025-07-23,North,Product A,Category 2,3.0,180.22
501,2024-11-18,South,Product D,Category 3,15.0,160.85
502,2026-05-21,West,Product D,Category 1,8.0,40.08
503,2025-11-16,South,Product D,Category 3,4.0,19.84
504,2026-03-02,South,Product C,Category 2,2.0,115.89
505,2025-09-17,South,Product E,Category 3,10.0,39.65
506,2024-10-14,North,Product D,Category 1,4.0,168.57
507,2026-07-31,East,Product B,Category 1,3.0,78.08
508,2026-05-03,South,Product B,Category 2,2.0,183.45
509,2025-10-24,North,Product A,Category 2,17.0,117.48
510,2026-08-19,South,Product E,Category 3,13.0,44.71
511,2025-09-30,South,Product D,Category 2,5.0,36.52
512,2024-06-03,North,Product B,Category 2,9.0,119.53
513,2025-05-04,East,Product E,Category 1,6.0,154.76
514,2025-01-20,East,Product A,Category 2,5.0,158.49
515,2026-09-12,West,Product C,Category 2,10.0,62.39
516,2026-02-23,North,Product E,Category 1,8.0,48.81
517,2024-04-13,West,Product E,Category 1,7.0,13.18
518,2026-07-17,West,Product C,Category 3,7.0,139.05
519,2025-01-27,West,Product E,Category 2,6.0,24.55
520,2026-03-21,East,Product A,Category 1,3.0,89.94
521,2024-09-02,North,Product A,Category 3,19.0,124.32
522,2024-06-24,West,Product C,Category 3,15.0,188.05
523,2024-02-08,North,Product D,Category 2,4.0,69.24
524,2025-04-21,North,Product B,Category 2,12.0,57.46
525,2025-11-12,East,Product D,Category 3,6.0,134.29
526,2026-01-28,West,Product E,Category 1,19.0,127.66
527,2025-06-21,West,Product B,Category 3,4.0,73.1
528,2026-05-16,North,Product C,Category 2,15.0,186.34
529,2026-03-28,South,Product C,Category 1,9.0,170.52
530,2026-07-09,East,Product B,Category 1,5.0,52.56
531,2025-02-11,East,Product A,Category 3,13.0,55.44
532,2025-06-08,East,Product B,Category 2,18.0,107.34
533,2026-04-07,East,Product E,Category 3,5.0,156.98
534,2025-05-20,West,Product A,Category 3,16.0,18.37
535,2026-06-21,West,Product C,Category 3,19.0,141.73
536,2026-04-04,South,Product B,Category 1,14.0,133.16
537,2024-02-05,East,Product D,Category 1,16.0,53.98
538,2025-11-15,East,Product D,Category 2,15.0,139.46
539,2024-01-20,North,Product E,Category 2,4.0,188.63
540,2024-11-16,West,Product D,Category 3,7.0,18.89
541,2026-02-14,East,Product B,Category 3,16.0,70.73
542,2025-05-26,South,Product B,Category 3,8.0,93.25
543,2025-02-03,South,Product D,Category 2,17.0,180.86
544,2025-10-15,West,Product B,Category 1,16.0,192.83
545,2026-08-29,South,Product E,Category 1,10.0,94.38
546,2026-06-01,South,Product A,Category 3,10.0,152.51
547,2025-04-15,West,Product E,Category 3,2.0,111.02
548,2024-05-22,East,Product E,Category 3,9.0,112.18
549,2024-04-01,East,Product B,Category 3,17.0,62.84
550,2024-12-19,South,Product A,Category 2,11.0,51.22
551,2026-04-13,South,Product B,Category 1,10.0,64.72
552,2026-03-10,East,Product C,Category 3,17.0,115.7
553,2025-12-27,West,Product B,Category 2,4.0,15.54
554,2026-08-16,South,Product B,Category 3,16.0,182.38
555,2026-05-03,North,Product B,Category 3,15.0,39.69
556,2024-02-20,West,Product A,Category 1,5.0,51.82
557,2025-10-26,South,Product B,Category 3,6.0,108.47
558,2025-11-28,South,Product A,Category 1,17.0,144.92
559,2025-07-28,North,Product D,Category 1,1.0,28.19
560,2024-07-08,North,Product C,Category 1,19.0,70.36
561,2024-05-04,East,Product A,Category 2,4.0,194.05
562,2024-05-29,West,Product D,Category 2,17.0,59.85
563,2024-11-09,West,Product A,Category 1,9.0,69.48
564,2025-07-23,East,Product A,Category 3,2.0,168.93
565,2024-12-07,West,Product C,Category 1,8.0,19.54
566,2024-10-31,West,Product E,Category 3,15.0,98.28
567,2025-11-22,West,Product E,Category 1,7.0,82.13
568,2025-11-12,West,Product A,Category 3,6.0,70.15
569,2026-04-17,West,Product B,Category 2,1.0,64.28
570,2026-02-21,North,Product D,Category 3,15.0,27.36
571,2024-02-23,West,Product B,Category 1,7.0,69.82
572,2025-03-19,North,Product B,Category 2,17.0,18.18
573,2025-09-04,West,Product A,Category 3,2.0,158.38
574,2026-09-19,East,Product A,Category 3,9.0,85.66
575,2024-09-20,South,Product A,Category 3,9.0,94.34
576,2024-02-22,North,Product A,Category 3,13.0,179.78
577,2025-07-25,West,Product E,Category 3,6.0,135.03
578,2025-09-11,East,Product A,Category 2,6.0,11.53
579,2024-01-05,South,Product E,Category 2,3.0,189.2
580,2024-04-12,North,Product E,Category 2,17.0,55.06
581,2024-07-14,South,Product A,Category 2,17.0,30.45
582,2026-02-12,East,Product C,Category 1,12.0,155.94
583,2026-05-26,North,Product D,Category 2,16.0,105.09
584,2026-09-18,South,Product B,Category 3,15.0,92.42
585,2026-06-02,West,Product E,Category 3,13.0,57.41
586,2024-12-15,North,Product D,Category 2,1.0,114.02
587,2024-02-16,South,Product C,Category 3,17.0,62.13
588,2026-05-16,East,Product B,Category 2,3.0,181.3
589,2026-04-02,East,Product B,Category 3,15.0,50.89
590,2026-07-24,North,Product E,Category 1,4.0,178.03
591,2026-03-30,South,Product A,Category 1,4.0,116.29
592,2025-10-17,North,Product C,Category 2,18.0,167.41
593,2024-09-25,North,Product E,Category 2,17.0,145.44
594,2025-01-04,South,Product C,Category 2,19.0,142.37
595,2025-09-27,South,Product A,Category 3,11.0,71.63
596,2024-04-15,West,Product A,Category 2,3.0,54.44
597,2025-10-31,South,Product E,Category 1,8.0,50.07
598,2025-10-20,East,Product A,Category 3,14.0,172.87
599,2025-10-18,North,Product D,Category 2,1.0,165.88
600,2024-04-29,North,Product B,Category 3,14.0,93.71
601,2026-04-10,East,Product E,Category 3,2.0,35.16
602,2026-02-25,South,Product C,Category 2,4.0,82.63
603,2025-08-26,East,Product D,Category 3,19.0,127.68
604,2024-02-27,East,Product E,Category 1,6.0,96.34
605,2026-08-08,West,Product A,Category 1,1.0,158.24
606,2024-12-11,East,Product A,Category 3,17.0,199.55
607,2026-01-10,North,Product A,Category 2,8.0,46.32
608,2025-04-18,East,Product A,Category 3,19.0,97.33
609,2024-04-26,North,Product C,Category 1,1.0,91.89
610,2026-04-09,North,Product D,Category 3,5.0,67.85
611,2026-03-01,North,Product B,Category 3,16.0,47.64
612,2024-05-06,South,Product C,Category 1,6.0,22.48
613,2025-01-27,West,Product C,Category 3,8.0,178.55
614,2026-06-26,North,Product B,Category 3,13.0,89.77
615,2025-10-02,North,Product B,Category 2,16.0,104.41
616,2024-02-27,South,Product A,Category 2,3.0,184.22
617,2025-09-25,North,Product C,Category 1,19.0,157.5
618,2025-05-27,East,Product E,Category 1,12.0,34.8
619,2026-01-20,East,Product B,Category 1,16.0,117.43
620,2026-03-12,West,Product B,Category 2,11.0,94.03
621,2024-04-05,North,Product D,Category 1,10.0,161.47
622,2025-09-29,South,Product E,Category 1,4.0,147.6
623,2024-04-27,East,Product E,Category 1,12.0,141.18
624,2025-07-13,South,Product B,Category 2,2.0,74.7
625,2025-08-23,South,Product A,Category 3,19.0,162.94
626,2025-05-02,East,Product D,Category 1,5.0,19.95
627,2024-08-24,South,Product E,Category 3,8.0,40.33
628,2026-06-03,East,Product B,Category 1,7.0,73.77
629,2026-06-15,South,Product E,Category 3,14.0,24.59
630,2024-09-28,East,Product D,Category 2,3.0,54.65
631,2024-07-07,North,Product D,Category 2,18.0,167.73
632,2026-09-25,West,Product C,Category 1,16.0,190.17
633,2025-12-04,East,Product B,Category 3,19.0,67.87
634,2025-03-22,East,Product D,Category 2,19.0,60.26
635,2025-08-03,West,Product C,Category 1,18.0,63.18
636,2026-02-28,East,Product C,Category 1,16.0,62.77
637,2026-05-10,East,Product E,Category 2,8.0,16.83
638,2024-09-03,South,Product E,Category 2,1.0,186.11
639,2026-08-20,West,Product C,Category 1,17.0,50.6
640,2024-03-16,North,Product E,Category 3,12.0,89.8
641,2024-06-02,East,Product D,Category 3,11.0,11.84
642,2025-10-17,West,Product A,Category 3,5.0,173.01
643,2025-03-10,South,Product D,Category 1,12.0,148.92
644,2026-09-23,North,Product C,Category 2,17.0,189.88
645,2024-03-26,West,Product C,Category 1,6.0,158.51
646,2025-11-27,North,Product D,Category 2,1.0,69.6
647,2024-10-11,North,Product E,Category 3,5.0,57.1
648,2026-08-31,North,Product E,Category 3,14.0,142.57
649,2024-08-07,East,Product C,Category 2,5.0,79.18
650,2024-03-09,East,Product B,Category 2,1.0,117.58
651,2024-02-16,South,Product E,Category 1,18.0,11.19
652,2024-04-03,South,Product D,Category 3,16.0,21.76
653,2026-01-19,West,Product E,Category 1,9.0,111.72
654,2026-08-15,South,Product D,Category 1,19.0,117.55
655,2025-03-28,North,Product C,Category 1,5.0,152.78
656,2024-07-22,North,Product E,Category 3,2.0,35.07
657,2026-06-30,East,Product D,Category 1,15.0,107.5
658,2024-08-05,North,Product C,Category 1,7.0,46.95
659,2025-04-18,West,Product B,Category 1,4.0,27.71
660,2025-03-07,North,Product D,Category 1,1.0,87.99
661,2024-12-06,North,Product B,Category 1,13.0,41.03
662,2025-07-04,West,Product B,Category 1,7.0,52.14
663,2025-09-03,South,Product A,Category 3,15.0,70.34
664,2024-10-15,South,Product E,Category 1,14.0,59.28
665,2024-09-10,West,Product D,Category 2,19.0,26.64
666,2026-01-03,East,Product B,Category 1,18.0,27.08
667,2024-12-22,North,Product A,Category 1,10.0,46.72
668,2024-01-23,West,Product C,Category 3,9.0,19.61
669,2026-01-31,North,Product D,Category 3,8.0,129.03
670,2025-06-05,East,Product B,Category 2,10.0,64.59
671,2026-01-27,North,Product E,Category 2,17.0,63.15
672,2026-04-16,West,Product A,Category 3,2.0,73.08
673,2024-04-09,North,Product B,Category 3,6.0,135.93
674,2026-03-12,South,Product E,Category 1,5.0,175.42
675,2024-06-28,East,Product B,Category 3,9.0,154.23
676,2024-08-10,East,Product D,Category 2,5.0,148.23
677,2026-06-24,East,Product D,Category 1,18.0,102.03
678,2026-01-31,West,Product D,Category 2,9.0,141.82
679,2025-10-20,East,Product A,Category 1,17.0,115.02
680,2025-03-17,South,Product D,Category 3,17.0,51.09
681,2025-08-30,West,Product E,Category 2,12.0,49.63
682,2026-02-07,South,Product B,Category 1,7.0,66.31
683,2024-11-20,North,Product C,Category 1,3.0,183.05
684,2025-05-30,North,Product E,Category 3,10.0,114.01
685,2024-01-16,North,Product E,Category 3,2.0,149.44
686,2026-03-02,North,Product D,Category 3,3.0,75.85
687,2024-12-01,South,Product A,Category 2,16.0,87.47
688,2026-01-28,West,Product B,Category 1,2.0,33.86
689,2024-09-14,West,Product A,Category 3,10.0,42.55
690,2025-05-11,East,Product B,Category 2,6.0,167.2
691,2026-09-14,South,Product B,Category 2,11.0,121.12
692,2026-06-14,North,Product A,Category 2,7.0,74.13
693,2024-06-08,South,Product E,Category 3,15.0,162.54
694,2025-04-19,East,Product B,Category 3,6.0,56.84
695,2026-05-01,East,Product A,Category 1,9.0,195.45
696,2025-10-25,South,Product B,Category 1,12.0,75.52
697,2026-06-26,South,Product C,Category 3,19.0,74.09
698,2025-11-20,South,Product E,Category 2,3.0,69.26
699,2025-11-05,West,Product D,Category 2,15.0,33.2
700,2025-01-14,North,Product B,Category 2,2.0,31.12
701,2025-06-28,South,Product C,Category 1,2.0,133.14
702,2026-07-17,South,Product D,Category 2,3.0,176.27
703,2026-08-14,South,Product D,Category 1,6.0,160.2
704,2025-11-21,East,Product B,Category 1,15.0,36.81
705,2025-03-02,East,Product A,Category 2,10.0,113.66
706,2025-09-04,West,Product B,Category 2,9.0,30.06
707,2024-09-24,North,Product C,Category 3,1.0,18.61
708,2026-04-14,West,Product D,Category 3,16.0,134.71
709,2025-07-30,North,Product B,Category 2,6.0,111.68
710,2025-02-20,East,Product A,Category 1,9.0,25.58
711,2024-06-16,East,Product B,Category 1,4.0,16.64
712,2026-04-21,East,Product E,Category 1,2.0,198.05
713,2024-02-12,West,Product A,Category 1,4.0,15.7
714,2025-07-09,South,Product C,Category 1,1.0,94.46
715,2024-10-11,South,Product D,Category 3,19.0,105.88
716,2025-01-31,East,Product B,Category 2,10.0,32.28
717,2024-01-12,South,Product A,Category 3,15.0,42.12
718,2025-08-29,South,Product E,Category 1,19.0,76.84
719,2024-10-28,West,Product A,Category 1,16.0,154.72
720,2026-06-16,North,Product E,Category 1,4.0,106.35
721,2024-09-09,East,Product C,Category 1,2.0,131.2
722,2025-05-13,East,Product D,Category 2,13.0,197.18
723,2026-01-23,West,Product C,Category 1,1.0,155.92
724,2024-02-04,West,Product B,Category 2,17.0,92.53
725,2025-12-27,South,Product A,Category 1,13.0,94.82
726,2026-04-28,East,Product E,Category 2,4.0,127.57
727,2024-03-30,North,Product E,Category 3,7.0,136.42
728,2026-02-14,West,Product A,Category 1,17.0,105.14
729,2025-08-27,North,Product A,Category 2,9.0,132.52
730,2026-07-10,North,Product B,Category 3,4.0,14.47
731,2026-08-27,East,Product C,Category 1,19.0,91.63
732,2025-08-24,East,Product E,Category 1,1.0,63.0
733,2025-02-21,West,Product B,Category 1,10.0,34.54
734,2024-04-24,East,Product C,Category 2,4.0,28.91
735,2025-09-08,East,Product B,Category 2,9.0,124.61
736,2026-06-21,East,Product E,Category 3,13.0,109.48
737,2024-07-14,North,Product A,Category 2,14.0,58.18
738,2026-04-05,West,Product A,Category 2,10.0,99.48
739,2025-05-15,South,Product C,Category 1,6.0,103.52
740,2025-09-17,North,Product D,Category 1,16.0,47.05
741,2025-05-07,East,Product C,Category 1,6.0,133.9
742,2024-03-15,North,Product D,Category 1,17.0,158.37
743,2025-02-16,East,Product B,Category 1,10.0,160.38
744,2025-01-10,East,Product B,Category 1,18.0,124.47
745,2025-02-23,North,Product E,Category 1,18.0,107.21
746,2025-12-29,West,Product D,Category 3,3.0,21.59
747,2024-10-03,East,Product E,Category 3,15.0,64.69
748,2026-01-30,West,Product A,Category 3,15.0,27.72
749,2025-11-06,South,Product D,Category 3,4.0,193.13
750,2025-01-28,East,Product C,Category 1,9.0,35.67
751,2026-05-18,West,Product A,Category 3,19.0,38.84
752,2025-04-01,West,Product A,Category 1,17.0,179.02
753,2026-07-08,South,Product C,Category 3,11.0,189.35
754,2024-07-10,West,Product A,Category 2,9.0,155.51
755,2026-01-08,West,Product D,Category 3,10.0,11.03
756,2025-11-19,South,Product E,Category 3,18.0,10.26
757,2024-04-08,East,Product A,Category 1,13.0,81.84
758,2025-07-01,West,Product D,Category 3,8.0,37.25
759,2026-09-04,West,Product B,Category 2,7.0,13.49
760,2026-09-25,West,Product D,Category 1,17.0,98.17
761,2024-04-05,North,Product E,Category 1,15.0,189.18
762,2025-10-25,South,Product D,Category 3,15.0,71.53
763,2025-10-24,North,Product C,Category 1,1.0,135.62
764,2024-07-08,South,Product E,Category 1,14.0,133.92
765,2026-01-05,East,Product B,Category 1,5.0,57.71
766,2024-02-06,East,Product C,Category 1,11.0,133.58
767,2026-02-18,West,Product D,Category 1,16.0,50.34
768,2025-01-03,South,Product E,Category 1,2.0,33.18
769,2025-11-25,East,Product B,Category 2,8.0,143.26
770,2025-06-08,South,Product C,Category 3,11.0,31.55
771,2024-10-05,East,Product B,Category 2,18.0,199.41
772,2024-08-04,North,Product D,Category 1,3.0,44.86
773,2026-05-16,East,Product B,Category 1,1.0,122.89
774,2026-05-22,North,Product A,Category 3,11.0,88.16
775,2026-03-08,East,Product C,Category 2,16.0,34.01
776,2024-09-29,West,Product B,Category 3,18.0,15.29
777,2026-05-30,North,Product D,Category 2,16.0,128.32
778,2024-03-02,East,Product D,Category 1,10.0,163.28
779,2025-08-18,West,Product B,Category 3,18.0,169.98
780,2026-05-29,North,Product D,Category 3,6.0,101.72
781,2025-12-29,West,Product E,Category 1,19.0,157.72
782,2024-12-07,South,Product E,Category 3,4.0,137.84
783,2025-01-31,South,Product E,Category 2,13.0,147.61
784,2025-11-29,North,Product A,Category 2,14.0,103.59
785,2024-01-19,East,Product B,Category 2,3.0,130.35
786,2024-06-25,North,Product A,Category 2,10.0,163.05
787,2025-09-03,West,Product D,Category 1,6.0,85.6
788,2025-01-30,East,Product A,Category 3,1.0,163.14
789,2025-03-20,South,Product D,Category 2,14.0,122.48
790,2024-08-20,East,Product D,Category 1,8.0,41.52
791,2026-07-03,South,Product C,Category 3,19.0,14.69
792,2024-03-16,East,Product E,Category 3,14.0,78.92
793,2024-09-21,East,Product D,Category 1,10.0,113.87
794,2025-03-30,East,Product C,Category 1,17.0,169.57
795,2026-03-06,West,Product E,Category 2,9.0,34.22
796,2025-12-18,West,Product D,Category 3,6.0,162.04
797,2026-01-04,North,Product D,Category 3,11.0,173.97
798,2025-01-18,North,Product A,Category 1,7.0,38.63
799,2025-07-17,South,Product A,Category 3,17.0,171.8
800,2026-04-30,West,Product E,Category 2,1.0,198.38
801,2025-05-20,South,Product D,Category 3,5.0,148.1
802,2025-01-01,North,Product B,Category 1,9.0,159.11
803,2024-05-23,South,Product A,Category 1,18.0,198.94
804,2026-06-03,North,Product E,Category 2,2.0,125.04
805,2024-03-09,West,Product D,Category 2,11.0,68.5
806,2024-04-08,East,Product D,Category 3,6.0,169.13
807,2025-01-30,West,Product B,Category 3,8.0,126.75
808,2024-01-25,South,Product E,Category 1,4.0,120.43
809,2026-08-05,South,Product D,Category 2,18.0,58.19
810,2026-06-09,West,Product A,Category 2,11.0,153.7
811,2025-04-13,West,Product B,Category 2,5.0,25.52
812,2025-04-28,North,Product E,Category 3,15.0,185.61
813,2025-07-18,South,Product B,Category 2,18.0,71.91
814,2024-05-30,South,Product A,Category 1,2.0,34.28
815,2024-05-23,West,Product E,Category 1,11.0,94.05
816,2025-07-22,East,Product B,Category 3,13.0,18.07
817,2024-02-08,South,Product C,Category 3,4.0,140.08
818,2024-04-18,East,Product A,Category 2,7.0,181.51
819,2025-11-23,West,Product A,Category 3,11.0,169.08
820,2024-02-11,West,Product A,Category 1,4.0,34.2
821,2024-07-04,North,Product C,Category 2,15.0,33.99
822,2026-07-23,South,Product C,Category 1,1.0,164.55
823,2025-02-01,East,Product D,Category 2,3.0,185.61
824,2024-08-10,North,Product B,Category 3,14.0,97.53
825,2025-09-25,South,Product D,Category 2,6.0,104.8
826,2024-05-12,North,Product B,Category 2,18.0,70.47
827,2024-06-11,West,Product C,Category 1,1.0,179.91
828,2024-08-02,South,Product C,Category 1,6.0,132.53
829,2026-01-02,North,Product D,Category 2,6.0,64.77
830,2024-08-22,North,Product E,Category 3,16.0,66.77
831,2026-04-22,East,Product D,Category 3,5.0,179.33
832,2025-10-19,North,Product B,Category 1,17.0,12.59
833,2026-01-20,South,Product D,Category 3,10.0,71.32
834,2025-08-10,South,Product A,Category 1,18.0,115.33
835,2024-01-09,East,Product B,Category 3,7.0,38.16
836,2024-03-14,South,Product B,Category 2,3.0,27.5
837,2026-08-11,West,Product E,Category 1,13.0,164.9
838,2025-05-06,South,Product C,Category 1,15.0,179.94
839,2026-07-01,South,Product B,Category 2,19.0,166.49
840,2024-09-09,North,Product C,Category 1,3.0,180.77
841,2024-08-17,North,Product D,Category 3,4.0,115.09
842,2025-06-02,South,Product A,Category 3,5.0,164.33
843,2024-06-22,East,Product E,Category 1,1.0,82.97
844,2025-10-14,North,Product C,Category 3,4.0,136.59
845,2024-06-16,East,Product B,Category 1,12.0,197.88
846,2024-06-18,South,Product C,Category 2,10.0,52.89
847,2025-01-27,South,Product B,Category 1,13.0,84.08
848,2026-08-03,West,Product C,Category 2,14.0,101.21
849,2026-03-05,North,Product B,Category 3,5.0,36.22
850,2025-09-25,South,Product D,Category 2,4.0,25.4
851,2024-07-12,West,Product B,Category 3,14.0,167.65
852,2025-05-31,North,Product B,Category 1,10.0,195.59
853,2024-01-29,South,Product A,Category 3,17.0,86.9
854,2024-06-13,South,Product B,Category 1,10.0,26.65
855,2025-02-25,North,Product A,Category 1,7.0,22.5
856,2024-12-04,North,Product E,Category 2,16.0,179.35
857,2025-10-09,North,Product A,Category 2,1.0,98.12
858,2025-05-10,South,Product D,Category 2,17.0,70.81
859,2024-12-30,South,Product A,Category 2,9.0,100.53
860,2026-04-12,West,Product E,Category 3,6.0,70.48
861,2024-12-07,East,Product D,Category 3,19.0,102.92
862,2025-05-14,North,Product C,Category 3,13.0,173.32
863,2025-10-18,South,Product C,Category 1,3.0,122.54
864,2025-05-25,South,Product A,Category 3,7.0,141.98
865,2024-11-22,North,Product A,Category 3,9.0,79.29
866,2024-08-04,East,Product E,Category 3,5.0,150.32
867,2024-10-27,North,Product E,Category 2,10.0,136.66
868,2024-05-11,East,Product B,Category 3,17.0,32.72
869,2026-03-14,South,Product E,Category 1,12.0,118.8
870,2024-03-10,East,Product B,Category 2,16.0,58.78
871,2024-09-08,West,Product D,Category 1,3.0,162.78
872,2025-02-18,South,Product A,Category 3,9.0,90.93
873,2026-02-25,West,Product D,Category 2,15.0,198.99
874,2025-03-20,North,Product E,Category 1,5.0,27.58
875,2026-05-25,North,Product D,Category 3,13.0,158.27
876,2024-06-30,North,Product D,Category 1,14.0,138.0
877,2024-06-15,East,Product D,Category 1,15.0,155.82
878,2024-03-31,South,Product E,Category 1,16.0,68.43
879,2025-12-14,North,Product D,Category 3,13.0,103.49
880,2026-05-07,North,Product B,Category 3,17.0,161.34
881,2025-06-14,South,Product E,Category 1,8.0,54.18
882,2024-02-08,North,Product D,Category 2,2.0,52.95
883,2024-05-05,West,Product E,Category 2,5.0,114.7
884,2025-03-26,South,Product C,Category 3,6.0,109.48
885,2024-06-21,South,Product B,Category 3,12.0,63.63
886,2025-10-14,South,Product D,Category 3,18.0,66.63
887,2026-01-23,West,Product C,Category 3,1.0,62.79
888,2024-08-07,South,Product C,Category 3,17.0,156.59
889,2025-09-29,West,Product E,Category 2,11.0,133.86
890,2024-02-27,South,Product C,Category 3,10.0,168.16
891,2025-10-21,East,Product B,Category 1,19.0,195.34
892,2025-04-20,North,Product B,Category 1,14.0,100.09
893,2025-03-31,East,Product A,Category 2,10.0,22.67
894,2026-04-08,North,Product B,Category 1,15.0,19.14
895,2026-06-13,West,Product C,Category 2,19.0,66.18
896,2024-12-26,East,Product B,Category 2,4.0,187.18
897,2026-07-23,South,Product E,Category 1,2.0,109.41
898,2024-01-01,North,Product A,Category 3,9.0,61.64
899,2025-01-21,North,Product C,Category 1,10.0,85.84
900,2026-08-30,East,Product A,Category 1,11.0,123.73
901,2024-12-13,West,Product C,Category 2,14.0,134.06
902,2024-07-08,East,Product E,Category 1,7.0,39.24
903,2025-05-19,West,Product A,Category 2,15.0,195.64
904,2024-07-09,West,Product D,Category 3,19.0,113.51
905,2025-05-22,North,Product C,Category 3,15.0,35.78
906,2025-01-03,East,Product D,Category 3,8.0,179.79
907,2025-02-12,East,Product A,Category 1,11.0,24.18
908,2026-04-03,West,Product D,Category 2,9.0,182.47
909,2026-07-17,East,Product D,Category 3,15.0,199.35
910,2026-07-22,South,Product A,Category 2,1.0,143.08
911,2024-04-26,South,Product E,Category 2,1.0,156.38
912,2024-05-13,East,Product D,Category 3,19.0,74.09
913,2024-02-27,East,Product D,Category 3,3.0,188.9
914,2025-07-09,West,Product E,Category 2,10.0,110.65
915,2025-11-15,South,Product D,Category 3,8.0,149.15
916,2025-11-02,South,Product D,Category 2,15.0,185.58
917,2024-06-21,North,Product D,Category 2,10.0,195.28
918,2026-04-08,West,Product B,Category 3,1.0,168.31
919,2026-03-25,North,Product E,Category 1,18.0,67.57
920,2024-05-28,South,Product D,Category 3,2.0,193.64
921,2024-03-20,West,Product E,Category 1,19.0,129.34
922,2026-06-04,East,Product C,Category 2,13.0,186.82
923,2024-07-31,West,Product C,Category 2,1.0,138.46
924,2024-07-21,East,Product D,Category 1,2.0,68.38
925,2026-02-02,East,Product E,Category 2,16.0,80.3
926,2024-08-16,West,Product E,Category 1,15.0,114.59
927,2025-11-06,East,Product E,Category 1,13.0,160.1
928,2024-08-14,North,Product B,Category 2,16.0,70.42
929,2025-10-20,South,Product C,Category 1,17.0,120.15
930,2025-06-15,East,Product E,Category 3,7.0,75.67
931,2025-03-16,North,Product E,Category 3,17.0,165.0
932,2025-02-05,East,Product B,Category 2,7.0,98.68
933,2024-02-16,South,Product B,Category 2,13.0,24.58
934,2024-08-20,North,Product E,Category 1,5.0,41.55
935,2024-10-31,South,Product A,Category 1,17.0,21.61
936,2025-06-09,South,Product E,Category 1,3.0,104.87
937,2024-05-22,North,Product E,Category 1,7.0,30.2
938,2025-02-18,North,Product B,Category 3,17.0,31.69
939,2025-05-27,North,Product B,Category 3,7.0,188.8
940,2025-01-07,West,Product E,Category 2,1.0,175.8
941,2025-07-19,North,Product E,Category 1,17.0,95.9
942,2026-06-04,North,Product E,Category 1,17.0,197.3
943,2024-09-15,North,Product B,Category 2,11.0,10.04
944,2025-10-17,North,Product E,Category 1,3.0,126.66
945,2025-04-15,East,Product E,Category 1,15.0,127.12
946,2026-08-10,West,Product D,Category 1,11.0,96.91
947,2026-08-28,South,Product A,Category 1,16.0,85.42
948,2024-01-12,North,Product C,Category 1,9.0,96.52
949,2024-11-25,East,Product A,Category 2,1.0,88.84
950,2026-01-05,East,Product D,Category 1,16.0,148.79
951,2026-02-22,East,Product C,Category 2,9.0,35.72
952,2026-08-25,South,Product E,Category 1,19.0,47.55
953,2024-12-23,North,Product D,Category 3,12.0,44.3
954,2026-08-29,West,Product E,Category 3,19.0,59.87
955,2025-02-11,West,Product B,Category 3,9.0,109.8
956,2025-10-29,East,Product D,Category 3,7.0,31.13
957,2025-01-07,South,Product B,Category 2,14.0,174.95
958,2024-01-08,South,Product D,Category 2,19.0,66.5
959,2024-05-01,South,Product D,Category 1,19.0,40.88
960,2024-12-13,West,Product B,Category 3,2.0,138.37
961,2025-11-06,East,Product C,Category 2,9.0,17.24
962,2024-03-30,North,Product A,Category 1,13.0,127.79
963,2025-10-09,West,Product E,Category 1,15.0,142.66
964,2025-11-28,East,Product D,Category 2,3.0,50.83
965,2024-11-11,East,Product E,Category 3,11.0,17.97
966,2024-06-26,North,Product B,Category 1,14.0,79.09
967,2025-06-23,North,Product E,Category 3,8.0,28.73
968,2026-01-01,North,Product B,Category 3,18.0,32.13
969,2026-05-18,South,Product E,Category 3,19.0,58.31
970,2024-02-10,North,Product A,Category 1,16.0,66.14
971,2026-01-09,East,Product A,Category 3,2.0,110.69
972,2025-12-04,North,Product A,Category 1,8.0,138.89
973,2026-07-11,East,Product A,Category 3,6.0,122.63
974,2025-05-16,West,Product A,Category 1,12.0,38.19
975,2026-08-16,South,Product A,Category 3,15.0,42.7
976,2024-05-24,West,Product B,Category 2,8.0,176.97
977,2024-07-19,West,Product D,Category 3,4.0,116.09
978,2026-07-17,East,Product E,Category 3,15.0,175.29
979,2025-12-24,West,Product A,Category 1,17.0,80.59
980,2025-04-05,East,Product B,Category 1,13.0,126.74
981,2026-01-01,North,Product B,Category 3,18.0,109.5
982,2026-01-21,North,Product B,Category 2,2.0,70.63
983,2026-07-13,East,Product D,Category 2,13.0,99.28
984,2026-06-27,North,Product E,Category 1,13.0,105.47
985,2025-07-11,South,Product D,Category 2,15.0,48.15
986,2025-06-30,West,Product C,Category 3,10.0,69.85
987,2024-09-09,South,Product B,Category 1,3.0,160.37
988,2025-01-24,West,Product C,Category 3,19.0,184.0
989,2025-08-16,North,Product A,Category 1,3.0,78.36
990,2026-06-01,South,Product A,Category 1,14.0,68.32
991,2024-09-12,North,Product D,Category 1,8.0,47.09
992,2025-12-09,West,Product E,Category 1,4.0,138.91
993,2026-03-25,East,Product C,Category 2,11.0,71.39
994,2026-07-09,East,Product E,Category 3,11.0,197.67
995,2025-03-25,South,Product D,Category 3,11.0,71.88
996,2024-01-10,North,Product A,Category 3,2.0,84.89
997,2026-04-03,North,Product E,Category 1,17.0,124.63
998,2026-03-08,South,Product E,Category 2,9.0,162.32
999,2024-08-29,East,Product A,Category 3,2.0,99.21
1000,2024-09-07,West,Product C,Category 2,15.0,90.3
1,2024-04-12,North,Product B,Category 1,13.0,19.24
2,2025-03-11,North,Product A,Category 1,15.0,120.39
3,2026-05-10,East,Product B,Category 3,12.0,90.95
4,2024-09-27,West,Product E,Category 3,11.0,114.13
5,2024-04-16,North,Product B,Category 1,7.0,109.0
