OrderID,OrderDate,Region,Product,Category,Quantity,UnitPrice,Revenue
1,2024-04-12,North,Product B,Category 1,13.0,19.24,250.11999999999998
2,2025-03-11,North,Product A,Category 1,15.0,120.39,1805.85
3,2026-05-10,East,Product B,Category 3,12.0,90.95,1091.4
4,2024-09-27,West,Product E,Category 3,11.0,114.13,1255.4299999999998
5,2024-04-16,North,Product B,Category 1,7.0,109.0,763.0
6,2024-03-12,South,Product E,Category 1,10.0,76.54,765.4000000000001
7,2025-12-01,North,Product A,Category 1,10.0,138.72,1387.2
8,2024-01-21,South,Product C,Category 2,10.0,154.12,1541.2
9,2025-09-06,West,Product B,Category 3,10.0,12.78,127.8
10,2024-05-01,East,Product C,Category 2,10.0,49.38,493.8
11,2025-04-11,North,Product E,Category 3,10.0,145.51,1455.1
12,2024-08-02,East,Product B,Category 3,17.0,83.46,1418.82
13,2024-11-26,North,Product D,Category 3,19.0,135.87,2581.53
14,2025-04-03,South,Product C,Category 3,19.0,75.92,1442.48
15,2024-03-28,East,Product B,Category 3,16.0,84.24,1347.84
16,2025-01-07,North,Product C,Category 3,12.0,105.82,1269.84
17,2024-04-09,South,Product B,Category 3,12.0,105.82,1269.84
18,2026-05-21,East,Product A,Category 2,6.0,105.82,634.92
19,2025-10-25,East,Product C,Category 1,4.0,105.82,423.28
20,2024-05-10,North,Product D,Category 1,6.0,105.82,634.92
21,2025-10-23,North,Product D,Category 2,11.0,105.82,1164.02
22,2024-11-04,North,Product E,Category 2,1.0,112.91,112.91
23,2026-02-08,South,Product B,Category 2,15.0,154.07,2311.0499999999997
24,2024-12-09,North,Product C,Category 2,11.0,68.31,751.4100000000001
25,2025-05-06,East,Product E,Category 3,19.0,88.84,1687.96
26,2025-02-17,East,Product C,Category 1,18.0,145.43,2617.7400000000002
27,2026-03-16,North,Product B,Category 3,17.0,83.38,1417.46
28,2025-01-20,North,Product D,Category 1,19.0,121.82,2314.58
29,2024-07-10,West,Product A,Category 1,14.0,45.22,633.0799999999999
30,2026-08-13,East,Product D,Category 2,18.0,123.96,2231.2799999999997
31,2024-10-03,South,Product E,Category 3,19.0,173.69,3300.11
32,2024-06-09,West,Product A,Category 2,15.0,175.04,2625.6
33,2025-04-04,North,Product E,Category 3,15.0,147.63,2214.45
34,2024-11-09,North,Product B,Category 1,4.0,151.69,606.76
35,2024-01-22,East,Product A,Category 2,7.0,116.01,812.07
36,2024-09-09,North,Product E,Category 2,13.0,121.09,1574.17
37,2026-01-17,South,Product B,Category 1,3.0,35.39,106.17
38,2026-05-06,East,Product D,Category 1,16.0,94.33,1509.28
39,2025-07-14,North,Product B,Category 1,9.0,95.65,860.85
40,2025-04-19,East,Product C,Category 2,8.0,192.11,1536.88
41,2024-02-28,North,Product B,Category 3,13.0,91.91,1194.83
42,2025-05-25,North,Product B,Category 2,17.0,114.38,1944.46
43,2025-11-12,North,Product C,Category 3,17.0,111.32,1892.4399999999998
44,2025-04-20,South,Product E,Category 2,17.0,130.98,2226.66
45,2025-11-30,South,Product E,Category 2,1.0,152.16,152.16
46,2026-09-02,East,Product B,Category 1,8.0,52.76,422.08
47,2026-02-21,North,Product C,Category 3,19.0,110.46,2098.74
48,2024-07-08,North,Product C,Category 2,6.0,166.92,1001.52
49,2026-08-15,South,Product D,Category 2,3.0,97.99,293.96999999999997
50,2025-11-17,North,Product E,Category 1,5.0,62.91,314.54999999999995
51,2026-08-15,South,Product A,Category 1,13.0,134.39,1747.0699999999997
52,2025-07-16,North,Product E,Category 3,15.0,166.52,2497.8
53,2026-05-25,East,Product E,Category 2,14.0,22.0,308.0
54,2025-07-20,North,Product D,Category 3,16.0,157.59,2521.44
55,2024-08-31,North,Product A,Category 2,18.0,166.11,2989.9800000000005
56,2026-04-11,West,Product D,Category 3,11.0,97.69,1074.59
57,2025-05-19,South,Product A,Category 1,3.0,196.83,590.49
58,2024-05-10,North,Product B,Category 2,10.0,159.47,1594.7
59,2025-04-29,North,Product A,Category 3,10.0,157.0,1570.0
60,2026-03-29,West,Product D,Category 1,16.0,152.09,2433.44
61,2025-10-08,West,Product E,Category 1,12.0,38.62,463.43999999999994
62,2024-01-21,South,Product A,Category 3,2.0,51.27,102.54
63,2026-04-20,West,Product A,Category 2,9.0,98.16,883.4399999999999
64,2024-06-15,East,Product C,Category 2,3.0,60.16,180.48
65,2024-09-30,West,Product E,Category 1,15.0,88.9,1333.5
66,2025-01-22,East,Product B,Category 2,3.0,178.81,536.4300000000001
67,2025-08-23,South,Product D,Category 2,19.0,166.62,3165.78
68,2024-11-11,South,Product B,Category 2,18.0,129.71,2334.78
69,2024-01-14,South,Product E,Category 1,8.0,173.04,1384.32
70,2024-08-29,South,Product A,Category 3,17.0,158.92,2701.64
71,2026-02-15,South,Product A,Category 2,8.0,91.51,732.08
72,2024-12-11,East,Product E,Category 1,7.0,48.2,337.40000000000003
73,2025-07-18,East,Product A,Category 1,7.0,107.7,753.9
74,2026-06-16,South,Product A,Category 3,3.0,149.88,449.64
75,2024-12-05,West,Product A,Category 2,1.0,92.92,92.92
76,2024-04-01,North,Product D,Category 2,4.0,136.69,546.76
77,2025-01-01,South,Product D,Category 3,5.0,27.92,139.60000000000002
78,2026-08-13,West,Product C,Category 3,1.0,152.12,152.12
79,2025-03-30,North,Product B,Category 1,15.0,164.42,2466.2999999999997
80,2025-03-03,South,Product E,Category 1,5.0,144.3,721.5
81,2025-05-23,South,Product E,Category 3,13.0,193.78,2519.14
82,2026-02-14,East,Product E,Category 2,8.0,167.06,1336.48
83,2026-07-31,North,Product C,Category 1,8.0,181.59,1452.72
84,2024-02-04,North,Product D,Category 1,5.0,187.38,936.9
85,2024-07-24,West,Product C,Category 2,9.0,162.26,1460.34
86,2024-03-21,East,Product E,Category 1,1.0,138.11,138.11
87,2026-07-20,East,Product B,Category 2,4.0,11.09,44.36
88,2025-07-15,East,Product A,Category 2,3.0,98.51,295.53000000000003
89,2026-05-21,East,Product D,Category 2,2.0,118.52,237.04
90,2025-01-22,North,Product D,Category 3,8.0,67.77,542.16
91,2024-01-02,North,Product C,Category 3,9.0,70.44,633.96
92,2025-01-24,South,Product D,Category 3,2.0,192.62,385.24
93,2025-07-19,South,Product E,Category 2,14.0,179.43,2512.02
94,2024-04-15,East,Product E,Category 2,14.0,171.34,2398.76
95,2026-02-10,East,Product C,Category 3,4.0,87.14,348.56
96,2026-04-01,East,Product E,Category 1,6.0,12.6,75.6
97,2025-04-21,South,Product B,Category 2,11.0,25.24,277.64
98,2025-12-03,West,Product C,Category 1,3.0,69.32,207.95999999999998
99,2025-02-05,West,Product B,Category 1,8.0,12.99,103.92
100,2025-12-30,South,Product A,Category 2,3.0,13.26,39.78
101,2025-07-09,South,Product B,Category 2,14.0,184.15,2578.1
102,2024-06-10,South,Product A,Category 1,13.0,144.17,1874.2099999999998
103,2024-07-20,South,Product A,Category 1,13.0,68.7,893.1
104,2026-08-15,South,Product B,Category 3,2.0,35.2,70.4
105,2026-09-22,South,Product C,Category 3,13.0,107.21,1393.73
106,2024-09-26,East,Product E,Category 2,19.0,11.02,209.38
107,2026-05-12,East,Product E,Category 3,6.0,188.3,1129.8000000000002
108,2026-03-26,East,Product A,Category 3,16.0,88.81,1420.96
109,2024-09-27,East,Product A,Category 3,2.0,86.44,172.88
110,2025-03-31,South,Product C,Category 3,8.0,84.21,673.68
111,2025-04-06,West,Product D,Category 1,17.0,23.17,393.89000000000004
112,2025-12-27,North,Product B,Category 2,2.0,131.28,262.56
113,2024-09-08,South,Product A,Category 3,10.0,149.27,1492.7
114,2025-12-02,North,Product E,Category 1,16.0,138.46,2215.36
115,2024-10-22,West,Product C,Category 1,6.0,36.3,217.79999999999998
116,2025-12-25,East,Product B,Category 1,2.0,119.98,239.96
117,2025-12-20,West,Product C,Category 3,2.0,118.2,236.4
118,2026-01-18,South,Product B,Category 3,13.0,175.0,2275.0
119,2024-12-03,East,Product B,Category 2,15.0,82.03,1230.45
120,2026-05-28,South,Product A,Category 3,2.0,80.58,161.16
121,2024-02-22,East,Product C,Category 3,7.0,127.52,892.64
122,2026-03-02,North,Product C,Category 1,3.0,130.28,390.84000000000003
123,2026-07-10,North,Product E,Category 2,8.0,99.16,793.28
124,2024-08-04,North,Product E,Category 3,14.0,94.18,1318.52
125,2026-02-02,West,Product A,Category 3,7.0,103.89,727.23
126,2024-07-06,South,Product A,Category 1,7.0,173.6,1215.2
127,2025-01-14,West,Product D,Category 1,1.0,97.62,97.62
128,2025-05-07,North,Product E,Category 3,17.0,188.59,3206.03
129,2024-02-10,South,Product B,Category 2,9.0,105.76,951.84
130,2024-06-05,North,Product C,Category 2,13.0,190.35,2474.5499999999997
131,2024-01-15,West,Product A,Category 1,19.0,168.24,3196.5600000000004
132,2026-03-23,West,Product C,Category 1,19.0,78.86,1498.34
133,2024-03-05,West,Product C,Category 3,17.0,174.09,2959.53
134,2026-05-06,North,Product D,Category 1,10.0,30.91,309.1
135,2026-04-18,South,Product E,Category 3,10.0,185.76,1857.6
136,2025-06-04,South,Product A,Category 2,4.0,130.01,520.04
137,2024-12-09,North,Product C,Category 2,8.0,20.33,162.64
138,2024-05-08,South,Product A,Category 3,18.0,132.41,2383.38
139,2025-10-09,North,Product B,Category 1,14.0,195.11,2731.54
140,2025-04-16,South,Product D,Category 2,18.0,23.26,418.68
141,2024-03-03,East,Product B,Category 1,14.0,115.39,1615.46
142,2024-05-18,East,Product A,Category 2,15.0,152.08,2281.2000000000003
143,2025-05-13,West,Product A,Category 3,4.0,163.95,655.8
144,2025-08-15,East,Product E,Category 3,13.0,88.63,1152.19
145,2025-01-26,East,Product C,Category 3,8.0,48.79,390.32
146,2025-11-05,East,Product C,Category 2,18.0,18.05,324.90000000000003
147,2025-02-22,North,Product B,Category 1,12.0,120.15,1441.8000000000002
148,2024-10-15,East,Product D,Category 1,14.0,96.05,1344.7
149,2025-01-13,East,Product C,Category 1,2.0,190.26,380.52
150,2026-02-11,West,Product E,Category 2,18.0,21.51,387.18
151,2025-05-04,East,Product B,Category 2,2.0,140.23,280.46
152,2024-08-18,East,Product B,Category 2,11.0,14.74,162.14000000000001
153,2024-02-10,South,Product E,Category 2,9.0,42.57,383.13
154,2024-01-28,West,Product D,Category 2,12.0,96.18,1154.16
155,2024-05-14,West,Product E,Category 1,17.0,96.43,1639.3100000000002
156,2024-07-19,West,Product D,Category 2,15.0,140.28,2104.2
157,2026-04-19,West,Product E,Category 2,17.0,182.94,3109.98
158,2026-02-18,West,Product E,Category 1,18.0,131.42,2365.56
159,2026-07-18,West,Product A,Category 2,6.0,191.17,1147.02
160,2024-02-02,North,Product B,Category 1,17.0,177.51,3017.67
161,2024-02-17,East,Product E,Category 1,18.0,121.05,2178.9
162,2025-05-17,West,Product E,Category 3,8.0,168.42,1347.36
163,2025-02-10,East,Product C,Category 3,9.0,132.09,1188.81
164,2025-07-27,East,Product B,Category 3,6.0,24.93,149.57999999999998
165,2025-12-28,North,Product C,Category 3,5.0,150.71,753.5500000000001
166,2026-03-15,West,Product B,Category 2,12.0,28.03,336.36
167,2024-04-08,South,Product C,Category 3,11.0,122.88,1351.6799999999998
168,2025-11-14,North,Product E,Category 1,1.0,143.5,143.5
169,2026-05-21,South,Product E,Category 2,11.0,22.64,249.04000000000002
170,2025-12-26,East,Product A,Category 3,19.0,53.85,1023.15
171,2026-09-13,East,Product C,Category 1,9.0,183.98,1655.82
172,2025-06-30,North,Product D,Category 2,2.0,127.1,254.2
173,2026-08-18,North,Product A,Category 2,12.0,56.79,681.48
174,2026-01-08,South,Product C,Category 3,4.0,141.23,564.92
175,2025-09-04,West,Product C,Category 2,4.0,123.39,493.56
176,2026-07-31,South,Product A,Category 1,18.0,105.3,1895.3999999999999
177,2025-04-06,North,Product E,Category 2,15.0,195.48,2932.2
178,2025-10-04,South,Product C,Category 1,19.0,139.86,2657.34
179,2026-02-07,North,Product E,Category 2,13.0,81.33,1057.29
180,2024-01-05,South,Product A,Category 3,19.0,162.01,3078.1899999999996
181,2024-08-05,North,Product E,Category 1,17.0,178.07,3027.19
182,2025-05-17,North,Product B,Category 2,6.0,33.79,202.74
183,2026-02-05,North,Product D,Category 2,16.0,48.11,769.76
184,2025-02-01,West,Product C,Category 2,12.0,51.08,612.96
185,2026-05-20,South,Product D,Category 1,19.0,141.33,2685.2700000000004
186,2026-03-05,South,Product E,Category 1,5.0,124.58,622.9
187,2025-01-27,South,Product C,Category 1,17.0,127.61,2169.37
188,2024-07-25,North,Product E,Category 3,1.0,188.75,188.75
189,2024-01-15,South,Product B,Category 3,10.0,157.42,1574.1999999999998
190,2026-05-07,South,Product A,Category 1,15.0,34.31,514.6500000000001
191,2025-07-07,North,Product C,Category 2,11.0,76.03,836.33
192,2026-06-10,East,Product B,Category 3,13.0,92.72,1205.36
193,2025-04-05,North,Product B,Category 1,5.0,85.23,426.15000000000003
194,2025-11-21,South,Product C,Category 2,1.0,137.17,137.17
195,2025-07-28,North,Product E,Category 3,12.0,179.46,2153.52
196,2026-05-13,East,Product B,Category 2,11.0,68.15,749.6500000000001
197,2026-01-12,North,Product D,Category 2,17.0,114.86,1952.62
198,2024-08-28,South,Product B,Category 2,4.0,159.99,639.96
199,2025-07-17,East,Product E,Category 2,15.0,89.08,1336.2
200,2024-04-05,West,Product E,Category 3,9.0,41.94,377.46
201,2026-06-18,South,Product D,Category 3,19.0,100.24,1904.56
202,2026-01-03,East,Product B,Category 3,19.0,20.49,389.30999999999995
203,2025-04-29,East,Product E,Category 1,12.0,189.05,2268.6000000000004
204,2025-02-10,West,Product C,Category 3,5.0,24.22,121.1
205,2024-08-18,North,Product A,Category 2,10.0,93.31,933.1
206,2026-01-18,North,Product A,Category 3,17.0,110.68,1881.5600000000002
207,2025-10-16,South,Product A,Category 2,5.0,197.21,986.0500000000001
208,2024-06-19,West,Product B,Category 1,16.0,41.54,664.64
209,2025-06-24,North,Product D,Category 2,7.0,31.74,222.17999999999998
210,2024-02-05,West,Product E,Category 2,9.0,11.65,104.85000000000001
211,2025-06-08,North,Product C,Category 2,3.0,39.56,118.68
212,2024-06-08,East,Product C,Category 1,15.0,49.38,740.7
213,2026-04-18,North,Product B,Category 3,16.0,129.81,2076.96
214,2025-11-29,West,Product A,Category 3,18.0,51.74,931.32
215,2024-08-30,East,Product B,Category 1,14.0,13.9,194.6
216,2024-03-26,East,Product D,Category 2,3.0,167.06,501.18
217,2026-03-06,East,Product D,Category 3,12.0,79.46,953.52
218,2025-07-31,West,Product E,Category 1,9.0,77.2,694.8000000000001
219,2025-11-12,South,Product E,Category 3,7.0,67.47,472.28999999999996
220,2025-07-10,South,Product D,Category 1,9.0,195.32,1757.8799999999999
221,2025-07-27,South,Product D,Category 2,13.0,42.32,550.16
222,2026-08-10,West,Product D,Category 3,18.0,180.67,3252.06
223,2025-10-07,East,Product B,Category 1,5.0,157.59,787.95
224,2026-03-06,South,Product D,Category 3,13.0,24.53,318.89
225,2024-01-28,West,Product C,Category 3,4.0,197.48,789.92
226,2025-09-11,South,Product A,Category 3,2.0,61.56,123.12
227,2025-07-09,North,Product D,Category 3,16.0,28.73,459.68
228,2024-12-05,South,Product A,Category 1,9.0,167.57,1508.1299999999999
229,2026-03-08,South,Product B,Category 2,9.0,144.27,1298.43
230,2026-08-15,East,Product A,Category 1,6.0,127.27,763.62
231,2024-11-26,West,Product B,Category 1,11.0,39.64,436.04
232,2025-10-01,East,Product C,Category 1,1.0,100.91,100.91
233,2025-05-20,East,Product B,Category 2,4.0,158.31,633.24
234,2024-12-13,East,Product B,Category 3,13.0,67.69,879.97
235,2025-04-17,East,Product E,Category 3,13.0,69.22,899.86
236,2024-08-18,East,Product D,Category 3,13.0,10.6,137.79999999999998
237,2024-07-08,South,Product D,Category 2,2.0,43.11,86.22
238,2024-08-12,East,Product C,Category 3,9.0,176.33,1586.97
239,2025-01-19,East,Product C,Category 2,8.0,93.93,751.44
240,2025-01-11,West,Product D,Category 3,7.0,197.0,1379.0
241,2024-10-09,North,Product E,Category 3,4.0,85.18,340.72
242,2026-08-15,South,Product D,Category 1,18.0,145.89,2626.0199999999995
243,2025-09-24,South,Product E,Category 2,3.0,63.56,190.68
244,2025-09-19,South,Product C,Category 1,6.0,79.12,474.72
245,2026-08-30,East,Product A,Category 1,12.0,46.24,554.88
246,2026-01-14,East,Product C,Category 1,12.0,75.94,911.28
247,2024-09-15,East,Product C,Category 2,8.0,113.98,911.84
248,2024-12-24,West,Product B,Category 2,1.0,198.44,198.44
249,2025-12-10,North,Product B,Category 3,4.0,136.2,544.8
250,2025-03-31,East,Product B,Category 1,11.0,47.86,526.46
251,2025-02-14,North,Product B,Category 3,3.0,18.54,55.62
252,2025-10-10,West,Product E,Category 1,13.0,34.01,442.13
253,2024-11-13,South,Product D,Category 2,17.0,116.89,1987.13
254,2025-11-07,East,Product A,Category 2,10.0,155.38,1553.8
255,2024-08-12,North,Product C,Category 2,12.0,188.68,2264.16
256,2026-03-29,North,Product E,Category 1,15.0,13.01,195.15
257,2024-08-21,East,Product A,Category 2,10.0,109.32,1093.1999999999998
258,2025-11-14,South,Product E,Category 1,14.0,99.46,1392.4399999999998
259,2025-10-25,South,Product E,Category 3,13.0,134.65,1750.45
260,2026-09-01,South,Product C,Category 1,5.0,116.32,581.5999999999999
261,2026-04-06,West,Product D,Category 3,6.0,140.54,843.24
262,2025-01-08,North,Product B,Category 1,2.0,135.04,270.08
263,2025-11-02,North,Product D,Category 3,17.0,32.23,547.91
264,2025-08-30,North,Product C,Category 2,4.0,161.95,647.8
265,2025-04-16,West,Product C,Category 3,14.0,33.41,467.73999999999995
266,2024-08-20,North,Product C,Category 2,10.0,142.72,1427.2
267,2025-11-22,West,Product A,Category 2,3.0,89.07,267.21
268,2024-04-22,South,Product D,Category 3,3.0,107.63,322.89
269,2026-04-09,East,Product D,Category 1,15.0,181.63,2724.45
270,2025-05-11,North,Product E,Category 1,6.0,179.08,1074.48
271,2025-03-17,North,Product E,Category 1,17.0,165.39,2811.6299999999997
272,2025-07-17,South,Product E,Category 1,12.0,106.93,1283.16
273,2024-09-24,East,Product C,Category 1,11.0,149.89,1648.79
274,2025-05-24,West,Product D,Category 2,4.0,107.45,429.8
275,2026-03-17,East,Product C,Category 1,6.0,175.23,1051.3799999999999
276,2025-01-20,South,Product A,Category 2,1.0,86.53,86.53
277,2025-01-21,South,Product E,Category 2,16.0,194.34,3109.44
278,2024-04-22,East,Product C,Category 2,15.0,187.14,2807.1
279,2025-09-04,West,Product C,Category 3,17.0,150.9,2565.3
280,2025-09-16,West,Product A,Category 3,8.0,63.09,504.72
281,2026-08-09,North,Product B,Category 2,12.0,35.01,420.12
282,2024-03-21,West,Product D,Category 3,10.0,172.39,1723.8999999999999
283,2025-11-29,East,Product B,Category 1,15.0,41.41,621.15
284,2024-04-22,South,Product E,Category 1,9.0,172.31,1550.79
285,2024-01-02,North,Product C,Category 2,2.0,103.25,206.5
286,2025-10-03,North,Product A,Category 1,5.0,87.25,436.25
287,2024-08-07,South,Product A,Category 2,6.0,181.61,1089.66
288,2025-07-19,West,Product D,Category 2,7.0,124.73,873.11
289,2026-05-04,South,Product B,Category 1,1.0,119.56,119.56
290,2026-09-23,West,Product D,Category 3,7.0,116.17,813.19
291,2026-01-05,South,Product C,Category 1,12.0,80.52,966.24
292,2024-08-12,East,Product D,Category 1,16.0,159.27,2548.32
293,2025-01-19,West,Product A,Category 2,16.0,58.03,928.48
294,2025-02-06,East,Product A,Category 2,11.0,188.39,2072.29
295,2025-09-29,North,Product E,Category 2,4.0,179.86,719.44
296,2024-05-09,South,Product E,Category 2,13.0,74.12,963.5600000000001
297,2024-02-22,North,Product C,Category 3,7.0,148.6,1040.2
298,2025-11-14,North,Product B,Category 3,4.0,118.91,475.64
299,2025-12-30,North,Product D,Category 3,15.0,74.15,1112.25
300,2025-11-02,North,Product C,Category 2,19.0,197.82,3758.58
301,2025-12-10,South,Product E,Category 2,9.0,14.8,133.20000000000002
302,2025-02-19,North,Product D,Category 2,11.0,58.0,638.0
303,2024-09-03,South,Product E,Category 3,8.0,108.81,870.48
304,2026-04-15,South,Product D,Category 2,1.0,109.17,109.17
305,2025-03-14,East,Product B,Category 1,8.0,121.9,975.2
306,2024-07-21,West,Product C,Category 1,13.0,152.82,1986.6599999999999
307,2024-07-02,West,Product D,Category 2,4.0,128.46,513.84
308,2024-05-02,South,Product A,Category 1,8.0,124.05,992.4
309,2025-02-04,East,Product A,Category 1,3.0,20.17,60.510000000000005
310,2026-02-05,South,Product D,Category 3,9.0,81.54,733.86
311,2024-10-20,South,Product D,Category 2,2.0,54.09,108.18
312,2024-10-06,South,Product D,Category 2,2.0,60.42,120.84
313,2026-04-16,East,Product A,Category 3,13.0,115.32,1499.1599999999999
314,2026-06-02,West,Product A,Category 1,15.0,47.91,718.65
315,2025-09-01,East,Product D,Category 1,12.0,65.85,790.1999999999999
316,2024-07-16,North,Product E,Category 2,4.0,55.05,220.2
317,2026-09-08,East,Product E,Category 1,8.0,190.22,1521.76
318,2026-06-25,East,Product B,Category 3,9.0,189.49,1705.41
319,2025-05-25,East,Product C,Category 3,5.0,125.89,629.45
320,2026-01-21,East,Product E,Category 2,18.0,185.66,3341.88
321,2024-05-23,West,Product A,Category 3,11.0,159.3,1752.3000000000002
322,2025-08-31,North,Product E,Category 3,15.0,122.09,1831.3500000000001
323,2024-07-19,West,Product B,Category 2,9.0,11.22,100.98
324,2024-05-03,West,Product B,Category 3,17.0,156.78,2665.26
325,2024-07-05,East,Product C,Category 3,12.0,143.47,1721.6399999999999
326,2024-11-21,South,Product E,Category 3,7.0,126.9,888.3000000000001
327,2025-04-08,South,Product A,Category 1,10.0,154.48,1544.8
328,2024-12-14,West,Product A,Category 2,10.0,107.46,1074.6
329,2026-02-09,West,Product D,Category 2,13.0,143.78,1869.14
330,2025-10-21,East,Product A,Category 2,19.0,187.68,3565.92
331,2026-02-02,West,Product C,Category 1,11.0,81.4,895.4000000000001
332,2026-08-12,East,Product C,Category 1,13.0,144.54,1879.02
333,2026-07-20,South,Product A,Category 2,8.0,100.38,803.04
334,2025-02-06,South,Product A,Category 1,8.0,138.14,1105.12
335,2024-12-11,North,Product D,Category 2,4.0,154.95,619.8
336,2026-08-20,South,Product A,Category 1,15.0,18.64,279.6
337,2025-05-25,West,Product D,Category 3,11.0,132.85,1461.35
338,2024-05-26,South,Product D,Category 3,11.0,53.08,583.88
339,2024-05-27,East,Product A,Category 2,1.0,137.31,137.31
340,2026-05-13,South,Product B,Category 1,17.0,98.98,1682.66
341,2025-12-11,North,Product B,Category 1,15.0,156.98,2354.7
342,2026-03-30,South,Product D,Category 3,6.0,33.45,200.70000000000002
343,2025-05-03,East,Product A,Category 3,15.0,129.0,1935.0
344,2026-07-17,East,Product B,Category 1,9.0,62.91,566.1899999999999
345,2026-07-24,West,Product A,Category 1,14.0,172.07,2408.98
346,2025-10-01,South,Product A,Category 1,18.0,186.39,3355.0199999999995
347,2025-07-04,East,Product A,Category 1,17.0,199.32,3388.44
348,2024-12-03,North,Product E,Category 1,18.0,161.24,2902.32
349,2026-05-21,West,Product A,Category 1,5.0,153.21,766.0500000000001
350,2025-10-02,North,Product E,Category 2,9.0,50.95,458.55
351,2026-02-17,South,Product D,Category 1,11.0,73.84,812.24
352,2026-09-14,South,Product B,Category 3,1.0,98.48,98.48
353,2026-08-10,South,Product B,Category 2,18.0,156.94,2824.92
354,2025-04-17,West,Product B,Category 1,6.0,183.84,1103.04
355,2026-08-03,East,Product B,Category 3,2.0,45.94,91.88
356,2024-05-30,West,Product B,Category 2,15.0,185.25,2778.75
357,2025-02-18,North,Product B,Category 3,14.0,142.17,1990.3799999999999
358,2026-09-16,West,Product B,Category 1,5.0,126.05,630.25
359,2024-10-24,North,Product D,Category 1,6.0,47.97,287.82
360,2025-09-02,West,Product A,Category 1,6.0,20.55,123.30000000000001
361,2024-09-19,East,Product C,Category 1,18.0,118.01,2124.1800000000003
362,2026-02-02,North,Product E,Category 2,14.0,133.79,1873.06
363,2024-05-23,South,Product C,Category 2,10.0,50.05,500.5
364,2024-12-11,South,Product C,Category 3,14.0,115.73,1620.22
365,2025-09-15,West,Product A,Category 1,13.0,172.73,2245.49
366,2025-07-25,South,Product A,Category 3,3.0,168.66,505.98
367,2026-05-30,North,Product A,Category 2,6.0,186.2,1117.1999999999998
368,2024-01-02,South,Product B,Category 1,8.0,79.52,636.16
369,2026-06-15,East,Product D,Category 1,12.0,70.43,845.1600000000001
370,2024-10-30,East,Product B,Category 2,13.0,152.39,1981.0699999999997
371,2024-09-10,West,Product D,Category 2,11.0,91.91,1011.01
372,2025-10-13,North,Product D,Category 2,12.0,26.63,319.56
373,2025-03-28,East,Product C,Category 2,1.0,63.73,63.73
374,2024-02-06,East,Product C,Category 2,17.0,89.53,1522.01
375,2024-06-08,North,Product D,Category 1,16.0,65.58,1049.28
376,2024-01-09,South,Product D,Category 2,11.0,73.12,804.32
377,2024-08-20,South,Product B,Category 1,13.0,65.82,855.6599999999999
378,2024-04-08,West,Product B,Category 1,18.0,17.88,321.84
379,2025-10-20,South,Product C,Category 2,11.0,131.05,1441.5500000000002
380,2026-03-26,North,Product A,Category 2,12.0,123.49,1481.8799999999999
381,2024-07-26,East,Product D,Category 1,6.0,134.14,804.8399999999999
382,2024-05-10,South,Product B,Category 2,9.0,46.54,418.86
383,2025-02-07,West,Product C,Category 2,16.0,66.17,1058.72
384,2024-05-31,South,Product B,Category 2,4.0,127.73,510.92
385,2024-02-23,North,Product D,Category 3,3.0,123.93,371.79
386,2024-04-29,West,Product D,Category 1,16.0,106.2,1699.2
387,2025-11-03,South,Product E,Category 3,12.0,76.58,918.96
388,2026-07-08,West,Product A,Category 2,11.0,183.46,2018.0600000000002
389,2025-09-19,North,Product E,Category 3,5.0,74.56,372.8
390,2025-08-09,East,Product C,Category 2,18.0,96.57,1738.2599999999998
391,2025-09-16,North,Product B,Category 3,19.0,138.84,2637.96
392,2026-08-25,North,Product C,Category 2,6.0,113.17,679.02
393,2025-02-23,North,Product D,Category 3,18.0,75.91,1366.3799999999999
394,2025-02-25,North,Product E,Category 3,6.0,92.77,556.62
395,2024-04-13,East,Product E,Category 3,4.0,160.95,643.8
396,2026-05-01,East,Product E,Category 1,12.0,62.84,754.08
397,2024-09-10,West,Product C,Category 3,19.0,37.03,703.57
398,2024-08-14,South,Product D,Category 1,2.0,69.5,139.0
399,2024-04-21,East,Product B,Category 2,17.0,171.41,2913.97
400,2025-05-24,East,Product B,Category 3,11.0,26.91,296.01
401,2025-04-17,South,Product C,Category 2,11.0,198.42,2182.62
402,2024-04-08,East,Product E,Category 2,16.0,112.79,1804.64
403,2024-06-01,North,Product A,Category 3,2.0,197.12,394.24
404,2026-05-10,North,Product C,Category 1,2.0,188.41,376.82
405,2026-07-02,South,Product C,Category 3,8.0,96.03,768.24
406,2026-06-14,West,Product D,Category 2,13.0,47.71,620.23
407,2026-05-27,West,Product B,Category 2,10.0,41.33,413.29999999999995
408,2024-12-03,South,Product C,Category 3,8.0,55.6,444.8
409,2025-12-06,South,Product C,Category 1,4.0,144.93,579.72
410,2026-04-01,North,Product E,Category 1,15.0,61.86,927.9
411,2024-06-11,West,Product E,Category 2,1.0,74.87,74.87
412,2025-12-20,East,Product A,Category 2,11.0,95.27,1047.97
413,2026-08-14,North,Product D,Category 1,7.0,183.51,1284.57
414,2025-11-11,South,Product A,Category 3,17.0,45.98,781.66
415,2026-09-22,West,Product E,Category 2,18.0,10.96,197.28000000000003
416,2024-06-09,East,Product B,Category 1,12.0,21.42,257.04
417,2025-08-02,East,Product E,Category 2,9.0,181.91,1637.19
418,2026-03-11,North,Product D,Category 3,5.0,133.03,665.15
419,2025-02-01,West,Product E,Category 1,10.0,61.88,618.8000000000001
420,2024-10-03,West,Product D,Category 2,4.0,43.67,174.68
421,2026-03-26,South,Product D,Category 3,5.0,65.91,329.54999999999995
422,2026-07-04,West,Product D,Category 2,10.0,31.81,318.09999999999997
423,2025-05-18,West,Product D,Category 3,11.0,188.89,2077.79
424,2026-06-14,North,Product D,Category 3,10.0,159.0,1590.0
425,2025-01-26,West,Product B,Category 1,8.0,97.85,782.8
426,2024-05-14,East,Product A,Category 3,2.0,174.34,348.68
427,2024-07-13,North,Product C,Category 2,8.0,57.4,459.2
428,2025-02-04,North,Product A,Category 3,16.0,146.25,2340.0
429,2025-10-01,South,Product D,Category 3,5.0,172.67,863.3499999999999
430,2024-02-02,West,Product B,Category 1,3.0,77.79,233.37
431,2025-11-18,South,Product E,Category 3,12.0,153.92,1847.04
432,2025-04-04,East,Product B,Category 3,13.0,66.06,858.78
433,2026-08-12,North,Product D,Category 2,13.0,66.78,868.14
434,2026-06-01,North,Product B,Category 1,10.0,30.34,303.4
435,2025-04-14,North,Product B,Category 1,4.0,93.61,374.44
436,2025-01-09,East,Product D,Category 1,9.0,148.65,1337.8500000000001
437,2024-01-22,East,Product B,Category 3,2.0,188.64,377.28
438,2026-01-19,South,Product C,Category 1,19.0,124.72,2369.68
439,2025-10-31,South,Product C,Category 3,1.0,174.0,174.0
440,2024-02-07,South,Product B,Category 3,7.0,166.27,1163.89
441,2024-08-17,West,Product E,Category 2,17.0,42.94,729.98
442,2024-12-30,North,Product D,Category 2,3.0,102.31,306.93
443,2025-07-16,North,Product C,Category 2,3.0,32.22,96.66
444,2025-03-13,South,Product E,Category 2,3.0,139.61,418.83000000000004
445,2026-02-14,North,Product B,Category 2,17.0,190.48,3238.16
446,2024-10-09,South,Product E,Category 3,7.0,36.05,252.34999999999997
447,2024-01-27,West,Product A,Category 3,14.0,149.44,2092.16
448,2024-08-13,West,Product C,Category 1,17.0,130.13,2212.21
449,2024-10-03,East,Product B,Category 3,18.0,120.88,2175.84
450,2026-03-08,West,Product D,Category 3,13.0,84.12,1093.56
451,2025-08-31,South,Product B,Category 2,18.0,77.48,1394.64
452,2024-10-10,West,Product D,Category 3,4.0,18.6,74.4
453,2026-05-28,East,Product B,Category 2,1.0,51.4,51.4
454,2026-08-17,North,Product E,Category 1,18.0,12.88,231.84
455,2025-04-25,South,Product E,Category 1,1.0,120.47,120.47
456,2025-03-28,North,Product E,Category 3,13.0,30.11,391.43
457,2026-04-08,East,Product A,Category 1,10.0,175.87,1758.7
458,2026-03-26,East,Product D,Category 3,11.0,109.4,1203.4
459,2025-10-20,East,Product E,Category 1,9.0,142.94,1286.46
460,2025-05-30,North,Product A,Category 2,9.0,88.06,792.54
461,2025-06-30,North,Product D,Category 2,5.0,116.51,582.5500000000001
462,2024-07-10,North,Product B,Category 2,1.0,189.11,189.11
463,2024-02-18,North,Product A,Category 2,17.0,25.72,437.24
464,2025-05-26,East,Product C,Category 3,2.0,58.25,116.5
465,2024-01-17,East,Product A,Category 1,13.0,158.2,2056.6
466,2024-06-20,South,Product A,Category 3,9.0,28.76,258.84000000000003
467,2024-08-07,South,Product D,Category 2,4.0,24.38,97.52
468,2024-06-06,North,Product B,Category 3,5.0,78.69,393.45
469,2025-04-21,West,Product C,Category 1,11.0,27.51,302.61
470,2024-02-15,West,Product E,Category 3,19.0,121.16,2302.04
471,2025-01-07,East,Product E,Category 1,3.0,52.99,158.97
472,2025-06-01,East,Product A,Category 3,12.0,180.18,2162.16
473,2024-04-08,East,Product D,Category 1,19.0,158.87,3018.53
474,2026-06-10,South,Product D,Category 1,19.0,142.94,2715.86
475,2026-01-14,South,Product E,Category 2,13.0,127.22,1653.86
476,2024-02-06,East,Product C,Category 1,7.0,174.06,1218.42
477,2024-10-06,East,Product B,Category 2,15.0,52.38,785.7
478,2024-12-14,East,Product C,Category 2,7.0,175.89,1231.23
479,2025-05-11,West,Product B,Category 2,8.0,160.0,1280.0
480,2024-10-28,South,Product E,Category 3,5.0,152.15,760.75
481,2024-06-29,West,Product B,Category 3,14.0,116.64,1632.96
482,2025-08-29,West,Product D,Category 3,4.0,56.79,227.16
483,2024-04-08,East,Product A,Category 3,10.0,90.47,904.7
484,2025-11-30,East,Product A,Category 1,15.0,160.78,2411.7
485,2026-09-19,North,Product E,Category 1,18.0,16.04,288.71999999999997
486,2024-04-25,North,Product D,Category 3,13.0,158.59,2061.67
487,2024-07-09,West,Product C,Category 1,8.0,55.61,444.88
488,2024-09-09,South,Product D,Category 1,9.0,37.42,336.78000000000003
489,2026-09-07,East,Product A,Category 2,16.0,31.98,511.68
490,2026-07-16,East,Product A,Category 2,19.0,15.18,288.42
491,2026-09-09,West,Product D,Category 2,16.0,109.48,1751.68
492,2024-06-09,North,Product D,Category 2,7.0,51.47,360.28999999999996
493,2024-09-12,South,Product A,Category 1,14.0,197.99,2771.86
494,2024-11-18,North,Product C,Category 3,14.0,119.14,1667.96
495,2024-05-07,North,Product E,Category 1,4.0,36.2,144.8
496,2024-01-18,North,Product E,Category 1,15.0,140.86,2112.9
497,2026-03-03,North,Product D,Category 1,3.0,180.57,541.71
498,2026-01-04,East,Product E,Category 2,5.0,151.58,757.9000000000001
499,2025-07-19,East,Product A,Category 2,1.0,24.52,24.52
500,2025-07-23,North,Product A,Category 2,3.0,180.22,540.66
501,2024-11-18,South,Product D,Category 3,15.0,160.85,2412.75
502,2026-05-21,West,Product D,Category 1,8.0,40.08,320.64
503,2025-11-16,South,Product D,Category 3,4.0,19.84,79.36
504,2026-03-02,South,Product C,Category 2,2.0,115.89,231.78
505,2025-09-17,South,Product E,Category 3,10.0,39.65,396.5
506,2024-10-14,North,Product D,Category 1,4.0,168.57,674.28
507,2026-07-31,East,Product B,Category 1,3.0,78.08,234.24
508,2026-05-03,South,Product B,Category 2,2.0,183.45,366.9
509,2025-10-24,North,Product A,Category 2,17.0,117.48,1997.16
510,2026-08-19,South,Product E,Category 3,13.0,44.71,581.23
511,2025-09-30,South,Product D,Category 2,5.0,36.52,182.60000000000002
512,2024-06-03,North,Product B,Category 2,9.0,119.53,1075.77
513,2025-05-04,East,Product E,Category 1,6.0,154.76,928.56
514,2025-01-20,East,Product A,Category 2,5.0,158.49,792.45
515,2026-09-12,West,Product C,Category 2,10.0,62.39,623.9
516,2026-02-23,North,Product E,Category 1,8.0,48.81,390.48
517,2024-04-13,West,Product E,Category 1,7.0,13.18,92.25999999999999
518,2026-07-17,West,Product C,Category 3,7.0,139.05,973.3500000000001
519,2025-01-27,West,Product E,Category 2,6.0,24.55,147.3
520,2026-03-21,East,Product A,Category 1,3.0,89.94,269.82
521,2024-09-02,North,Product A,Category 3,19.0,124.32,2362.08
522,2024-06-24,West,Product C,Category 3,15.0,188.05,2820.75
523,2024-02-08,North,Product D,Category 2,4.0,69.24,276.96
524,2025-04-21,North,Product B,Category 2,12.0,57.46,689.52
525,2025-11-12,East,Product D,Category 3,6.0,134.29,805.74
526,2026-01-28,West,Product E,Category 1,19.0,127.66,2425.54
527,2025-06-21,West,Product B,Category 3,4.0,73.1,292.4
528,2026-05-16,North,Product C,Category 2,15.0,186.34,2795.1
529,2026-03-28,South,Product C,Category 1,9.0,170.52,1534.68
530,2026-07-09,East,Product B,Category 1,5.0,52.56,262.8
531,2025-02-11,East,Product A,Category 3,13.0,55.44,720.72
532,2025-06-08,East,Product B,Category 2,18.0,107.34,1932.1200000000001
533,2026-04-07,East,Product E,Category 3,5.0,156.98,784.9
534,2025-05-20,West,Product A,Category 3,16.0,18.37,293.92
535,2026-06-21,West,Product C,Category 3,19.0,141.73,2692.87
536,2026-04-04,South,Product B,Category 1,14.0,133.16,1864.24
537,2024-02-05,East,Product D,Category 1,16.0,53.98,863.68
538,2025-11-15,East,Product D,Category 2,15.0,139.46,2091.9
539,2024-01-20,North,Product E,Category 2,4.0,188.63,754.52
540,2024-11-16,West,Product D,Category 3,7.0,18.89,132.23000000000002
541,2026-02-14,East,Product B,Category 3,16.0,70.73,1131.68
542,2025-05-26,South,Product B,Category 3,8.0,93.25,746.0
543,2025-02-03,South,Product D,Category 2,17.0,180.86,3074.6200000000003
544,2025-10-15,West,Product B,Category 1,16.0,192.83,3085.28
545,2026-08-29,South,Product E,Category 1,10.0,94.38,943.8
546,2026-06-01,South,Product A,Category 3,10.0,152.51,1525.1
547,2025-04-15,West,Product E,Category 3,2.0,111.02,222.04
548,2024-05-22,East,Product E,Category 3,9.0,112.18,1009.6200000000001
549,2024-04-01,East,Product B,Category 3,17.0,62.84,1068.28
550,2024-12-19,South,Product A,Category 2,11.0,51.22,563.42
551,2026-04-13,South,Product B,Category 1,10.0,64.72,647.2
552,2026-03-10,East,Product C,Category 3,17.0,115.7,1966.9
553,2025-12-27,West,Product B,Category 2,4.0,15.54,62.16
554,2026-08-16,South,Product B,Category 3,16.0,182.38,2918.08
555,2026-05-03,North,Product B,Category 3,15.0,39.69,595.3499999999999
556,2024-02-20,West,Product A,Category 1,5.0,51.82,259.1
557,2025-10-26,South,Product B,Category 3,6.0,108.47,650.8199999999999
558,2025-11-28,South,Product A,Category 1,17.0,144.92,2463.64
559,2025-07-28,North,Product D,Category 1,1.0,28.19,28.19
560,2024-07-08,North,Product C,Category 1,19.0,70.36,1336.84
561,2024-05-04,East,Product A,Category 2,4.0,194.05,776.2
562,2024-05-29,West,Product D,Category 2,17.0,59.85,1017.45
563,2024-11-09,West,Product A,Category 1,9.0,69.48,625.32
564,2025-07-23,East,Product A,Category 3,2.0,168.93,337.86
565,2024-12-07,West,Product C,Category 1,8.0,19.54,156.32
566,2024-10-31,West,Product E,Category 3,15.0,98.28,1474.2
567,2025-11-22,West,Product E,Category 1,7.0,82.13,574.91
568,2025-11-12,West,Product A,Category 3,6.0,70.15,420.90000000000003
569,2026-04-17,West,Product B,Category 2,1.0,64.28,64.28
570,2026-02-21,North,Product D,Category 3,15.0,27.36,410.4
571,2024-02-23,West,Product B,Category 1,7.0,69.82,488.73999999999995
572,2025-03-19,North,Product B,Category 2,17.0,18.18,309.06
573,2025-09-04,West,Product A,Category 3,2.0,158.38,316.76
574,2026-09-19,East,Product A,Category 3,9.0,85.66,770.9399999999999
575,2024-09-20,South,Product A,Category 3,9.0,94.34,849.0600000000001
576,2024-02-22,North,Product A,Category 3,13.0,179.78,2337.14
577,2025-07-25,West,Product E,Category 3,6.0,135.03,810.1800000000001
578,2025-09-11,East,Product A,Category 2,6.0,11.53,69.17999999999999
579,2024-01-05,South,Product E,Category 2,3.0,189.2,567.5999999999999
580,2024-04-12,North,Product E,Category 2,17.0,55.06,936.02
581,2024-07-14,South,Product A,Category 2,17.0,30.45,517.65
582,2026-02-12,East,Product C,Category 1,12.0,155.94,1871.28
583,2026-05-26,North,Product D,Category 2,16.0,105.09,1681.44
584,2026-09-18,South,Product B,Category 3,15.0,92.42,1386.3
585,2026-06-02,West,Product E,Category 3,13.0,57.41,746.3299999999999
586,2024-12-15,North,Product D,Category 2,1.0,114.02,114.02
587,2024-02-16,South,Product C,Category 3,17.0,62.13,1056.21
588,2026-05-16,East,Product B,Category 2,3.0,181.3,543.9000000000001
589,2026-04-02,East,Product B,Category 3,15.0,50.89,763.35
590,2026-07-24,North,Product E,Category 1,4.0,178.03,712.12
591,2026-03-30,South,Product A,Category 1,4.0,116.29,465.16
592,2025-10-17,North,Product C,Category 2,18.0,167.41,3013.38
593,2024-09-25,North,Product E,Category 2,17.0,145.44,2472.48
594,2025-01-04,South,Product C,Category 2,19.0,142.37,2705.03
595,2025-09-27,South,Product A,Category 3,11.0,71.63,787.93
596,2024-04-15,West,Product A,Category 2,3.0,54.44,163.32
597,2025-10-31,South,Product E,Category 1,8.0,50.07,400.56
598,2025-10-20,East,Product A,Category 3,14.0,172.87,2420.1800000000003
599,2025-10-18,North,Product D,Category 2,1.0,165.88,165.88
600,2024-04-29,North,Product B,Category 3,14.0,93.71,1311.9399999999998
601,2026-04-10,East,Product E,Category 3,2.0,35.16,70.32
602,2026-02-25,South,Product C,Category 2,4.0,82.63,330.52
603,2025-08-26,East,Product D,Category 3,19.0,127.68,2425.92
604,2024-02-27,East,Product E,Category 1,6.0,96.34,578.04
605,2026-08-08,West,Product A,Category 1,1.0,158.24,158.24
606,2024-12-11,East,Product A,Category 3,17.0,199.55,3392.3500000000004
607,2026-01-10,North,Product A,Category 2,8.0,46.32,370.56
608,2025-04-18,East,Product A,Category 3,19.0,97.33,1849.27
609,2024-04-26,North,Product C,Category 1,1.0,91.89,91.89
610,2026-04-09,North,Product D,Category 3,5.0,67.85,339.25
611,2026-03-01,North,Product B,Category 3,16.0,47.64,762.24
612,2024-05-06,South,Product C,Category 1,6.0,22.48,134.88
613,2025-01-27,West,Product C,Category 3,8.0,178.55,1428.4
614,2026-06-26,North,Product B,Category 3,13.0,89.77,1167.01
615,2025-10-02,North,Product B,Category 2,16.0,104.41,1670.56
616,2024-02-27,South,Product A,Category 2,3.0,184.22,552.66
617,2025-09-25,North,Product C,Category 1,19.0,157.5,2992.5
618,2025-05-27,East,Product E,Category 1,12.0,34.8,417.59999999999997
619,2026-01-20,East,Product B,Category 1,16.0,117.43,1878.88
620,2026-03-12,West,Product B,Category 2,11.0,94.03,1034.33
621,2024-04-05,North,Product D,Category 1,10.0,161.47,1614.7
622,2025-09-29,South,Product E,Category 1,4.0,147.6,590.4
623,2024-04-27,East,Product E,Category 1,12.0,141.18,1694.16
624,2025-07-13,South,Product B,Category 2,2.0,74.7,149.4
625,2025-08-23,South,Product A,Category 3,19.0,162.94,3095.86
626,2025-05-02,East,Product D,Category 1,5.0,19.95,99.75
627,2024-08-24,South,Product E,Category 3,8.0,40.33,322.64
628,2026-06-03,East,Product B,Category 1,7.0,73.77,516.39
629,2026-06-15,South,Product E,Category 3,14.0,24.59,344.26
630,2024-09-28,East,Product D,Category 2,3.0,54.65,163.95
631,2024-07-07,North,Product D,Category 2,18.0,167.73,3019.14
632,2026-09-25,West,Product C,Category 1,16.0,190.17,3042.72
633,2025-12-04,East,Product B,Category 3,19.0,67.87,1289.5300000000002
634,2025-03-22,East,Product D,Category 2,19.0,60.26,1144.94
635,2025-08-03,West,Product C,Category 1,18.0,63.18,1137.24
636,2026-02-28,East,Product C,Category 1,16.0,62.77,1004.32
637,2026-05-10,East,Product E,Category 2,8.0,16.83,134.64
638,2024-09-03,South,Product E,Category 2,1.0,186.11,186.11
639,2026-08-20,West,Product C,Category 1,17.0,50.6,860.2
640,2024-03-16,North,Product E,Category 3,12.0,89.8,1077.6
641,2024-06-02,East,Product D,Category 3,11.0,11.84,130.24
642,2025-10-17,West,Product A,Category 3,5.0,173.01,865.05
643,2025-03-10,South,Product D,Category 1,12.0,148.92,1787.04
644,2026-09-23,North,Product C,Category 2,17.0,189.88,3227.96
645,2024-03-26,West,Product C,Category 1,6.0,158.51,951.06
646,2025-11-27,North,Product D,Category 2,1.0,69.6,69.6
647,2024-10-11,North,Product E,Category 3,5.0,57.1,285.5
648,2026-08-31,North,Product E,Category 3,14.0,142.57,1995.98
649,2024-08-07,East,Product C,Category 2,5.0,79.18,395.90000000000003
650,2024-03-09,East,Product B,Category 2,1.0,117.58,117.58
651,2024-02-16,South,Product E,Category 1,18.0,11.19,201.42
652,2024-04-03,South,Product D,Category 3,16.0,21.76,348.16
653,2026-01-19,West,Product E,Category 1,9.0,111.72,1005.48
654,2026-08-15,South,Product D,Category 1,19.0,117.55,2233.45
655,2025-03-28,North,Product C,Category 1,5.0,152.78,763.9
656,2024-07-22,North,Product E,Category 3,2.0,35.07,70.14
657,2026-06-30,East,Product D,Category 1,15.0,107.5,1612.5
658,2024-08-05,North,Product C,Category 1,7.0,46.95,328.65000000000003
659,2025-04-18,West,Product B,Category 1,4.0,27.71,110.84
660,2025-03-07,North,Product D,Category 1,1.0,87.99,87.99
661,2024-12-06,North,Product B,Category 1,13.0,41.03,533.39
662,2025-07-04,West,Product B,Category 1,7.0,52.14,364.98
663,2025-09-03,South,Product A,Category 3,15.0,70.34,1055.1000000000001
664,2024-10-15,South,Product E,Category 1,14.0,59.28,829.9200000000001
665,2024-09-10,West,Product D,Category 2,19.0,26.64,506.16
666,2026-01-03,East,Product B,Category 1,18.0,27.08,487.43999999999994
667,2024-12-22,North,Product A,Category 1,10.0,46.72,467.2
668,2024-01-23,West,Product C,Category 3,9.0,19.61,176.49
669,2026-01-31,North,Product D,Category 3,8.0,129.03,1032.24
670,2025-06-05,East,Product B,Category 2,10.0,64.59,645.9000000000001
671,2026-01-27,North,Product E,Category 2,17.0,63.15,1073.55
672,2026-04-16,West,Product A,Category 3,2.0,73.08,146.16
673,2024-04-09,North,Product B,Category 3,6.0,135.93,815.58
674,2026-03-12,South,Product E,Category 1,5.0,175.42,877.0999999999999
675,2024-06-28,East,Product B,Category 3,9.0,154.23,1388.07
676,2024-08-10,East,Product D,Category 2,5.0,148.23,741.15
677,2026-06-24,East,Product D,Category 1,18.0,102.03,1836.54
678,2026-01-31,West,Product D,Category 2,9.0,141.82,1276.3799999999999
679,2025-10-20,East,Product A,Category 1,17.0,115.02,1955.34
680,2025-03-17,South,Product D,Category 3,17.0,51.09,868.5300000000001
681,2025-08-30,West,Product E,Category 2,12.0,49.63,595.5600000000001
682,2026-02-07,South,Product B,Category 1,7.0,66.31,464.17
683,2024-11-20,North,Product C,Category 1,3.0,183.05,549.1500000000001
684,2025-05-30,North,Product E,Category 3,10.0,114.01,1140.1000000000001
685,2024-01-16,North,Product E,Category 3,2.0,149.44,298.88
686,2026-03-02,North,Product D,Category 3,3.0,75.85,227.54999999999998
687,2024-12-01,South,Product A,Category 2,16.0,87.47,1399.52
688,2026-01-28,West,Product B,Category 1,2.0,33.86,67.72
689,2024-09-14,West,Product A,Category 3,10.0,42.55,425.5
690,2025-05-11,East,Product B,Category 2,6.0,167.2,1003.1999999999999
691,2026-09-14,South,Product B,Category 2,11.0,121.12,1332.3200000000002
692,2026-06-14,North,Product A,Category 2,7.0,74.13,518.91
693,2024-06-08,South,Product E,Category 3,15.0,162.54,2438.1
694,2025-04-19,East,Product B,Category 3,6.0,56.84,341.04
695,2026-05-01,East,Product A,Category 1,9.0,195.45,1759.05
696,2025-10-25,South,Product B,Category 1,12.0,75.52,906.24
697,2026-06-26,South,Product C,Category 3,19.0,74.09,1407.71
698,2025-11-20,South,Product E,Category 2,3.0,69.26,207.78000000000003
699,2025-11-05,West,Product D,Category 2,15.0,33.2,498.00000000000006
700,2025-01-14,North,Product B,Category 2,2.0,31.12,62.24
701,2025-06-28,South,Product C,Category 1,2.0,133.14,266.28
702,2026-07-17,South,Product D,Category 2,3.0,176.27,528.8100000000001
703,2026-08-14,South,Product D,Category 1,6.0,160.2,961.1999999999999
704,2025-11-21,East,Product B,Category 1,15.0,36.81,552.1500000000001
705,2025-03-02,East,Product A,Category 2,10.0,113.66,1136.6
706,2025-09-04,West,Product B,Category 2,9.0,30.06,270.53999999999996
707,2024-09-24,North,Product C,Category 3,1.0,18.61,18.61
708,2026-04-14,West,Product D,Category 3,16.0,134.71,2155.36
709,2025-07-30,North,Product B,Category 2,6.0,111.68,670.08
710,2025-02-20,East,Product A,Category 1,9.0,25.58,230.21999999999997
711,2024-06-16,East,Product B,Category 1,4.0,16.64,66.56
712,2026-04-21,East,Product E,Category 1,2.0,198.05,396.1
713,2024-02-12,West,Product A,Category 1,4.0,15.7,62.8
714,2025-07-09,South,Product C,Category 1,1.0,94.46,94.46
715,2024-10-11,South,Product D,Category 3,19.0,105.88,2011.7199999999998
716,2025-01-31,East,Product B,Category 2,10.0,32.28,322.8
717,2024-01-12,South,Product A,Category 3,15.0,42.12,631.8
718,2025-08-29,South,Product E,Category 1,19.0,76.84,1459.96
719,2024-10-28,West,Product A,Category 1,16.0,154.72,2475.52
720,2026-06-16,North,Product E,Category 1,4.0,106.35,425.4
721,2024-09-09,East,Product C,Category 1,2.0,131.2,262.4
722,2025-05-13,East,Product D,Category 2,13.0,197.18,2563.34
723,2026-01-23,West,Product C,Category 1,1.0,155.92,155.92
724,2024-02-04,West,Product B,Category 2,17.0,92.53,1573.01
725,2025-12-27,South,Product A,Category 1,13.0,94.82,1232.6599999999999
726,2026-04-28,East,Product E,Category 2,4.0,127.57,510.28
727,2024-03-30,North,Product E,Category 3,7.0,136.42,954.9399999999999
728,2026-02-14,West,Product A,Category 1,17.0,105.14,1787.38
729,2025-08-27,North,Product A,Category 2,9.0,132.52,1192.68
730,2026-07-10,North,Product B,Category 3,4.0,14.47,57.88
731,2026-08-27,East,Product C,Category 1,19.0,91.63,1740.9699999999998
732,2025-08-24,East,Product E,Category 1,1.0,63.0,63.0
733,2025-02-21,West,Product B,Category 1,10.0,34.54,345.4
734,2024-04-24,East,Product C,Category 2,4.0,28.91,115.64
735,2025-09-08,East,Product B,Category 2,9.0,124.61,1121.49
736,2026-06-21,East,Product E,Category 3,13.0,109.48,1423.24
737,2024-07-14,North,Product A,Category 2,14.0,58.18,814.52
738,2026-04-05,West,Product A,Category 2,10.0,99.48,994.8000000000001
739,2025-05-15,South,Product C,Category 1,6.0,103.52,621.12
740,2025-09-17,North,Product D,Category 1,16.0,47.05,752.8
741,2025-05-07,East,Product C,Category 1,6.0,133.9,803.4000000000001
742,2024-03-15,North,Product D,Category 1,17.0,158.37,2692.29
743,2025-02-16,East,Product B,Category 1,10.0,160.38,1603.8
744,2025-01-10,East,Product B,Category 1,18.0,124.47,2240.46
745,2025-02-23,North,Product E,Category 1,18.0,107.21,1929.78
746,2025-12-29,West,Product D,Category 3,3.0,21.59,64.77
747,2024-10-03,East,Product E,Category 3,15.0,64.69,970.3499999999999
748,2026-01-30,West,Product A,Category 3,15.0,27.72,415.79999999999995
749,2025-11-06,South,Product D,Category 3,4.0,193.13,772.52
750,2025-01-28,East,Product C,Category 1,9.0,35.67,321.03000000000003
751,2026-05-18,West,Product A,Category 3,19.0,38.84,737.96
752,2025-04-01,West,Product A,Category 1,17.0,179.02,3043.34
753,2026-07-08,South,Product C,Category 3,11.0,189.35,2082.85
754,2024-07-10,West,Product A,Category 2,9.0,155.51,1399.59
755,2026-01-08,West,Product D,Category 3,10.0,11.03,110.3
756,2025-11-19,South,Product E,Category 3,18.0,10.26,184.68
757,2024-04-08,East,Product A,Category 1,13.0,81.84,1063.92
758,2025-07-01,West,Product D,Category 3,8.0,37.25,298.0
759,2026-09-04,West,Product B,Category 2,7.0,13.49,94.43
760,2026-09-25,West,Product D,Category 1,17.0,98.17,1668.89
761,2024-04-05,North,Product E,Category 1,15.0,189.18,2837.7000000000003
762,2025-10-25,South,Product D,Category 3,15.0,71.53,1072.95
763,2025-10-24,North,Product C,Category 1,1.0,135.62,135.62
764,2024-07-08,South,Product E,Category 1,14.0,133.92,1874.8799999999999
765,2026-01-05,East,Product B,Category 1,5.0,57.71,288.55
766,2024-02-06,East,Product C,Category 1,11.0,133.58,1469.38
767,2026-02-18,West,Product D,Category 1,16.0,50.34,805.44
768,2025-01-03,South,Product E,Category 1,2.0,33.18,66.36
769,2025-11-25,East,Product B,Category 2,8.0,143.26,1146.08
770,2025-06-08,South,Product C,Category 3,11.0,31.55,347.05
771,2024-10-05,East,Product B,Category 2,18.0,199.41,3589.38
772,2024-08-04,North,Product D,Category 1,3.0,44.86,134.57999999999998
773,2026-05-16,East,Product B,Category 1,1.0,122.89,122.89
774,2026-05-22,North,Product A,Category 3,11.0,88.16,969.76
775,2026-03-08,East,Product C,Category 2,16.0,34.01,544.16
776,2024-09-29,West,Product B,Category 3,18.0,15.29,275.21999999999997
777,2026-05-30,North,Product D,Category 2,16.0,128.32,2053.12
778,2024-03-02,East,Product D,Category 1,10.0,163.28,1632.8
779,2025-08-18,West,Product B,Category 3,18.0,169.98,3059.64
780,2026-05-29,North,Product D,Category 3,6.0,101.72,610.3199999999999
781,2025-12-29,West,Product E,Category 1,19.0,157.72,2996.68
782,2024-12-07,South,Product E,Category 3,4.0,137.84,551.36
783,2025-01-31,South,Product E,Category 2,13.0,147.61,1918.9300000000003
784,2025-11-29,North,Product A,Category 2,14.0,103.59,1450.26
785,2024-01-19,East,Product B,Category 2,3.0,130.35,391.04999999999995
786,2024-06-25,North,Product A,Category 2,10.0,163.05,1630.5
787,2025-09-03,West,Product D,Category 1,6.0,85.6,513.5999999999999
788,2025-01-30,East,Product A,Category 3,1.0,163.14,163.14
789,2025-03-20,South,Product D,Category 2,14.0,122.48,1714.72
790,2024-08-20,East,Product D,Category 1,8.0,41.52,332.16
791,2026-07-03,South,Product C,Category 3,19.0,14.69,279.11
792,2024-03-16,East,Product E,Category 3,14.0,78.92,1104.88
793,2024-09-21,East,Product D,Category 1,10.0,113.87,1138.7
794,2025-03-30,East,Product C,Category 1,17.0,169.57,2882.69
795,2026-03-06,West,Product E,Category 2,9.0,34.22,307.98
796,2025-12-18,West,Product D,Category 3,6.0,162.04,972.24
797,2026-01-04,North,Product D,Category 3,11.0,173.97,1913.67
798,2025-01-18,North,Product A,Category 1,7.0,38.63,270.41
799,2025-07-17,South,Product A,Category 3,17.0,171.8,2920.6000000000004
800,2026-04-30,West,Product E,Category 2,1.0,198.38,198.38
801,2025-05-20,South,Product D,Category 3,5.0,148.1,740.5
802,2025-01-01,North,Product B,Category 1,9.0,159.11,1431.9900000000002
803,2024-05-23,South,Product A,Category 1,18.0,198.94,3580.92
804,2026-06-03,North,Product E,Category 2,2.0,125.04,250.08
805,2024-03-09,West,Product D,Category 2,11.0,68.5,753.5
806,2024-04-08,East,Product D,Category 3,6.0,169.13,1014.78
807,2025-01-30,West,Product B,Category 3,8.0,126.75,1014.0
808,2024-01-25,South,Product E,Category 1,4.0,120.43,481.72
809,2026-08-05,South,Product D,Category 2,18.0,58.19,1047.42
810,2026-06-09,West,Product A,Category 2,11.0,153.7,1690.6999999999998
811,2025-04-13,West,Product B,Category 2,5.0,25.52,127.6
812,2025-04-28,North,Product E,Category 3,15.0,185.61,2784.15
813,2025-07-18,South,Product B,Category 2,18.0,71.91,1294.3799999999999
814,2024-05-30,South,Product A,Category 1,2.0,34.28,68.56
815,2024-05-23,West,Product E,Category 1,11.0,94.05,1034.55
816,2025-07-22,East,Product B,Category 3,13.0,18.07,234.91
817,2024-02-08,South,Product C,Category 3,4.0,140.08,560.32
818,2024-04-18,East,Product A,Category 2,7.0,181.51,1270.57
819,2025-11-23,West,Product A,Category 3,11.0,169.08,1859.88
820,2024-02-11,West,Product A,Category 1,4.0,34.2,136.8
821,2024-07-04,North,Product C,Category 2,15.0,33.99,509.85
822,2026-07-23,South,Product C,Category 1,1.0,164.55,164.55
823,2025-02-01,East,Product D,Category 2,3.0,185.61,556.83
824,2024-08-10,North,Product B,Category 3,14.0,97.53,1365.42
825,2025-09-25,South,Product D,Category 2,6.0,104.8,628.8
826,2024-05-12,North,Product B,Category 2,18.0,70.47,1268.46
827,2024-06-11,West,Product C,Category 1,1.0,179.91,179.91
828,2024-08-02,South,Product C,Category 1,6.0,132.53,795.1800000000001
829,2026-01-02,North,Product D,Category 2,6.0,64.77,388.62
830,2024-08-22,North,Product E,Category 3,16.0,66.77,1068.32
831,2026-04-22,East,Product D,Category 3,5.0,179.33,896.6500000000001
832,2025-10-19,North,Product B,Category 1,17.0,12.59,214.03
833,2026-01-20,South,Product D,Category 3,10.0,71.32,713.1999999999999
834,2025-08-10,South,Product A,Category 1,18.0,115.33,2075.94
835,2024-01-09,East,Product B,Category 3,7.0,38.16,267.12
836,2024-03-14,South,Product B,Category 2,3.0,27.5,82.5
837,2026-08-11,West,Product E,Category 1,13.0,164.9,2143.7000000000003
838,2025-05-06,South,Product C,Category 1,15.0,179.94,2699.1
839,2026-07-01,South,Product B,Category 2,19.0,166.49,3163.3100000000004
840,2024-09-09,North,Product C,Category 1,3.0,180.77,542.3100000000001
841,2024-08-17,North,Product D,Category 3,4.0,115.09,460.36
842,2025-06-02,South,Product A,Category 3,5.0,164.33,821.6500000000001
843,2024-06-22,East,Product E,Category 1,1.0,82.97,82.97
844,2025-10-14,North,Product C,Category 3,4.0,136.59,546.36
845,2024-06-16,East,Product B,Category 1,12.0,197.88,2374.56
846,2024-06-18,South,Product C,Category 2,10.0,52.89,528.9
847,2025-01-27,South,Product B,Category 1,13.0,84.08,1093.04
848,2026-08-03,West,Product C,Category 2,14.0,101.21,1416.9399999999998
849,2026-03-05,North,Product B,Category 3,5.0,36.22,181.1
850,2025-09-25,South,Product D,Category 2,4.0,25.4,101.6
851,2024-07-12,West,Product B,Category 3,14.0,167.65,2347.1
852,2025-05-31,North,Product B,Category 1,10.0,195.59,1955.9
853,2024-01-29,South,Product A,Category 3,17.0,86.9,1477.3000000000002
854,2024-06-13,South,Product B,Category 1,10.0,26.65,266.5
855,2025-02-25,North,Product A,Category 1,7.0,22.5,157.5
856,2024-12-04,North,Product E,Category 2,16.0,179.35,2869.6
857,2025-10-09,North,Product A,Category 2,1.0,98.12,98.12
858,2025-05-10,South,Product D,Category 2,17.0,70.81,1203.77
859,2024-12-30,South,Product A,Category 2,9.0,100.53,904.77
860,2026-04-12,West,Product E,Category 3,6.0,70.48,422.88
861,2024-12-07,East,Product D,Category 3,19.0,102.92,1955.48
862,2025-05-14,North,Product C,Category 3,13.0,173.32,2253.16
863,2025-10-18,South,Product C,Category 1,3.0,122.54,367.62
864,2025-05-25,South,Product A,Category 3,7.0,141.98,993.8599999999999
865,2024-11-22,North,Product A,Category 3,9.0,79.29,713.61
866,2024-08-04,East,Product E,Category 3,5.0,150.32,751.5999999999999
867,2024-10-27,North,Product E,Category 2,10.0,136.66,1366.6
868,2024-05-11,East,Product B,Category 3,17.0,32.72,556.24
869,2026-03-14,South,Product E,Category 1,12.0,118.8,1425.6
870,2024-03-10,East,Product B,Category 2,16.0,58.78,940.48
871,2024-09-08,West,Product D,Category 1,3.0,162.78,488.34000000000003
872,2025-02-18,South,Product A,Category 3,9.0,90.93,818.3700000000001
873,2026-02-25,West,Product D,Category 2,15.0,198.99,2984.8500000000004
874,2025-03-20,North,Product E,Category 1,5.0,27.58,137.89999999999998
875,2026-05-25,North,Product D,Category 3,13.0,158.27,2057.51
876,2024-06-30,North,Product D,Category 1,14.0,138.0,1932.0
877,2024-06-15,East,Product D,Category 1,15.0,155.82,2337.2999999999997
878,2024-03-31,South,Product E,Category 1,16.0,68.43,1094.88
879,2025-12-14,North,Product D,Category 3,13.0,103.49,1345.37
880,2026-05-07,North,Product B,Category 3,17.0,161.34,2742.78
881,2025-06-14,South,Product E,Category 1,8.0,54.18,433.44
882,2024-02-08,North,Product D,Category 2,2.0,52.95,105.9
883,2024-05-05,West,Product E,Category 2,5.0,114.7,573.5
884,2025-03-26,South,Product C,Category 3,6.0,109.48,656.88
885,2024-06-21,South,Product B,Category 3,12.0,63.63,763.5600000000001
886,2025-10-14,South,Product D,Category 3,18.0,66.63,1199.34
887,2026-01-23,West,Product C,Category 3,1.0,62.79,62.79
888,2024-08-07,South,Product C,Category 3,17.0,156.59,2662.03
889,2025-09-29,West,Product E,Category 2,11.0,133.86,1472.46
890,2024-02-27,South,Product C,Category 3,10.0,168.16,1681.6
891,2025-10-21,East,Product B,Category 1,19.0,195.34,3711.46
892,2025-04-20,North,Product B,Category 1,14.0,100.09,1401.26
893,2025-03-31,East,Product A,Category 2,10.0,22.67,226.70000000000002
894,2026-04-08,North,Product B,Category 1,15.0,19.14,287.1
895,2026-06-13,West,Product C,Category 2,19.0,66.18,1257.42
896,2024-12-26,East,Product B,Category 2,4.0,187.18,748.72
897,2026-07-23,South,Product E,Category 1,2.0,109.41,218.82
898,2024-01-01,North,Product A,Category 3,9.0,61.64,554.76
899,2025-01-21,North,Product C,Category 1,10.0,85.84,858.4000000000001
900,2026-08-30,East,Product A,Category 1,11.0,123.73,1361.03
901,2024-12-13,West,Product C,Category 2,14.0,134.06,1876.8400000000001
902,2024-07-08,East,Product E,Category 1,7.0,39.24,274.68
903,2025-05-19,West,Product A,Category 2,15.0,195.64,2934.6
904,2024-07-09,West,Product D,Category 3,19.0,113.51,2156.69
905,2025-05-22,North,Product C,Category 3,15.0,35.78,536.7
906,2025-01-03,East,Product D,Category 3,8.0,179.79,1438.32
907,2025-02-12,East,Product A,Category 1,11.0,24.18,265.98
908,2026-04-03,West,Product D,Category 2,9.0,182.47,1642.23
909,2026-07-17,East,Product D,Category 3,15.0,199.35,2990.25
910,2026-07-22,South,Product A,Category 2,1.0,143.08,143.08
911,2024-04-26,South,Product E,Category 2,1.0,156.38,156.38
912,2024-05-13,East,Product D,Category 3,19.0,74.09,1407.71
913,2024-02-27,East,Product D,Category 3,3.0,188.9,566.7
914,2025-07-09,West,Product E,Category 2,10.0,110.65,1106.5
915,2025-11-15,South,Product D,Category 3,8.0,149.15,1193.2
916,2025-11-02,South,Product D,Category 2,15.0,185.58,2783.7000000000003
917,2024-06-21,North,Product D,Category 2,10.0,195.28,1952.8
918,2026-04-08,West,Product B,Category 3,1.0,168.31,168.31
919,2026-03-25,North,Product E,Category 1,18.0,67.57,1216.2599999999998
920,2024-05-28,South,Product D,Category 3,2.0,193.64,387.28
921,2024-03-20,West,Product E,Category 1,19.0,129.34,2457.46
922,2026-06-04,East,Product C,Category 2,13.0,186.82,2428.66
923,2024-07-31,West,Product C,Category 2,1.0,138.46,138.46
924,2024-07-21,East,Product D,Category 1,2.0,68.38,136.76
925,2026-02-02,East,Product E,Category 2,16.0,80.3,1284.8
926,2024-08-16,West,Product E,Category 1,15.0,114.59,1718.8500000000001
927,2025-11-06,East,Product E,Category 1,13.0,160.1,2081.2999999999997
928,2024-08-14,North,Product B,Category 2,16.0,70.42,1126.72
929,2025-10-20,South,Product C,Category 1,17.0,120.15,2042.5500000000002
930,2025-06-15,East,Product E,Category 3,7.0,75.67,529.69
931,2025-03-16,North,Product E,Category 3,17.0,165.0,2805.0
932,2025-02-05,East,Product B,Category 2,7.0,98.68,690.76
933,2024-02-16,South,Product B,Category 2,13.0,24.58,319.53999999999996
934,2024-08-20,North,Product E,Category 1,5.0,41.55,207.75
935,2024-10-31,South,Product A,Category 1,17.0,21.61,367.37
936,2025-06-09,South,Product E,Category 1,3.0,104.87,314.61
937,2024-05-22,North,Product E,Category 1,7.0,30.2,211.4
938,2025-02-18,North,Product B,Category 3,17.0,31.69,538.73
939,2025-05-27,North,Product B,Category 3,7.0,188.8,1321.6000000000001
940,2025-01-07,West,Product E,Category 2,1.0,175.8,175.8
941,2025-07-19,North,Product E,Category 1,17.0,95.9,1630.3000000000002
942,2026-06-04,North,Product E,Category 1,17.0,197.3,3354.1000000000004
943,2024-09-15,North,Product B,Category 2,11.0,10.04,110.44
944,2025-10-17,North,Product E,Category 1,3.0,126.66,379.98
945,2025-04-15,East,Product E,Category 1,15.0,127.12,1906.8000000000002
946,2026-08-10,West,Product D,Category 1,11.0,96.91,1066.01
947,2026-08-28,South,Product A,Category 1,16.0,85.42,1366.72
948,2024-01-12,North,Product C,Category 1,9.0,96.52,868.68
949,2024-11-25,East,Product A,Category 2,1.0,88.84,88.84
950,2026-01-05,East,Product D,Category 1,16.0,148.79,2380.64
951,2026-02-22,East,Product C,Category 2,9.0,35.72,321.48
952,2026-08-25,South,Product E,Category 1,19.0,47.55,903.4499999999999
953,2024-12-23,North,Product D,Category 3,12.0,44.3,531.5999999999999
954,2026-08-29,West,Product E,Category 3,19.0,59.87,1137.53
955,2025-02-11,West,Product B,Category 3,9.0,109.8,988.1999999999999
956,2025-10-29,East,Product D,Category 3,7.0,31.13,217.91
957,2025-01-07,South,Product B,Category 2,14.0,174.95,2449.2999999999997
958,2024-01-08,South,Product D,Category 2,19.0,66.5,1263.5
959,2024-05-01,South,Product D,Category 1,19.0,40.88,776.72
960,2024-12-13,West,Product B,Category 3,2.0,138.37,276.74
961,2025-11-06,East,Product C,Category 2,9.0,17.24,155.16
962,2024-03-30,North,Product A,Category 1,13.0,127.79,1661.27
963,2025-10-09,West,Product E,Category 1,15.0,142.66,2139.9
964,2025-11-28,East,Product D,Category 2,3.0,50.83,152.49
965,2024-11-11,East,Product E,Category 3,11.0,17.97,197.67
966,2024-06-26,North,Product B,Category 1,14.0,79.09,1107.26
967,2025-06-23,North,Product E,Category 3,8.0,28.73,229.84
968,2026-01-01,North,Product B,Category 3,18.0,32.13,578.34
969,2026-05-18,South,Product E,Category 3,19.0,58.31,1107.89
970,2024-02-10,North,Product A,Category 1,16.0,66.14,1058.24
971,2026-01-09,East,Product A,Category 3,2.0,110.69,221.38
972,2025-12-04,North,Product A,Category 1,8.0,138.89,1111.12
973,2026-07-11,East,Product A,Category 3,6.0,122.63,735.78
974,2025-05-16,West,Product A,Category 1,12.0,38.19,458.28
975,2026-08-16,South,Product A,Category 3,15.0,42.7,640.5
976,2024-05-24,West,Product B,Category 2,8.0,176.97,1415.76
977,2024-07-19,West,Product D,Category 3,4.0,116.09,464.36
978,2026-07-17,East,Product E,Category 3,15.0,175.29,2629.35
979,2025-12-24,West,Product A,Category 1,17.0,80.59,1370.03
980,2025-04-05,East,Product B,Category 1,13.0,126.74,1647.62
981,2026-01-01,North,Product B,Category 3,18.0,109.5,1971.0
982,2026-01-21,North,Product B,Category 2,2.0,70.63,141.26
983,2026-07-13,East,Product D,Category 2,13.0,99.28,1290.64
984,2026-06-27,North,Product E,Category 1,13.0,105.47,1371.11
985,2025-07-11,South,Product D,Category 2,15.0,48.15,722.25
986,2025-06-30,West,Product C,Category 3,10.0,69.85,698.5
987,2024-09-09,South,Product B,Category 1,3.0,160.37,481.11
988,2025-01-24,West,Product C,Category 3,19.0,184.0,3496.0
989,2025-08-16,North,Product A,Category 1,3.0,78.36,235.07999999999998
990,2026-06-01,South,Product A,Category 1,14.0,68.32,956.4799999999999
991,2024-09-12,North,Product D,Category 1,8.0,47.09,376.72
992,2025-12-09,West,Product E,Category 1,4.0,138.91,555.64
993,2026-03-25,East,Product C,Category 2,11.0,71.39,785.29
994,2026-07-09,East,Product E,Category 3,11.0,197.67,2174.37
995,2025-03-25,South,Product D,Category 3,11.0,71.88,790.68
996,2024-01-10,North,Product A,Category 3,2.0,84.89,169.78
997,2026-04-03,North,Product E,Category 1,17.0,124.63,2118.71
998,2026-03-08,South,Product E,Category 2,9.0,162.32,1460.8799999999999
999,2024-08-29,East,Product A,Category 3,2.0,99.21,198.42
1000,2024-09-07,West,Product C,Category 2,15.0,90.3,1354.5
